10567782,86841212,5355026385,86841213,,,,,,,,,,,,,,,,,,,,,,,,,,,,,,,,,,,,,,,,,
10567790,91487678,1439719606,1135676855,,,,,,,,,,,,,,,,,,,,,,,,,,,,,,,,,,,,,,,,,
10567791,1439720068,2891285659,91487841,1448514623,1448514622,1448514620,3015041442,2981086633,6443130725,1448514615,1439719917,1439719915,1439719912,1439719756,1439719753,3015041441,1439719646,1135676852,812699982,4055188642,1448514609,1439719616,1439719572,91487773,3015041440,1439719422,1439719411,1439719403,1439719324,4079512087,5598199840,,,,,,,,,,,,,
67476739,1448514609,814568018,5355026374,1135676875,,,,,,,,,,,,,,,,,,,,,,,,,,,,,,,,,,,,,,,,
67476740,814567998,814567983,814568052,814568008,814568061,814568022,814568073,814568034,814567988,814568043,814568016,814568069,814568030,814567985,814568039,814567993,814568047,5355026397,,,,,,,,,,,,,,,,,,,,,,,,,,
68313504,1108235257,1439717884,824063634,824063609,5760030976,824063661,824063589,822483282,1439718295,1439718297,822483261,1439718300,1439718301,,,,,,,,,,,,,,,,,,,,,,,,,,,,,,,
68523383,824063651,3751653139,1439718175,1439717891,1108235257,1439717872,1439717839,824063624,1439717732,824063564,1439717715,1439717668,824063633,1448660739,824063562,,,,,,,,,,,,,,,,,,,,,,,,,,,,,
98150996,4141535387,1135676859,,,,,,,,,,,,,,,,,,,,,,,,,,,,,,,,,,,,,,,,,,
98150999,812699840,4141535386,,,,,,,,,,,,,,,,,,,,,,,,,,,,,,,,,,,,,,,,,,
98151003,4141535386,895492309,895492312,895492313,5355026388,895492315,1439718265,895492317,,,,,,,,,,,,,,,,,,,,,,,,,,,,,,,,,,,,
98151004,814568018,814568070,814568031,4055188642,4055188644,814568036,814567991,814568045,814567998,,,,,,,,,,,,,,,,,,,,,,,,,,,,,,,,,,,
98647170,2016905538,6141664527,2016905539,,,,,,,,,,,,,,,,,,,,,,,,,,,,,,,,,,,,,,,,,
130799670,1439718328,1439718288,1439718286,1439718283,1439718206,824063651,1439718195,1668285581,1668255977,1668285578,1668255973,,,,,,,,,,,,,,,,,,,,,,,,,,,,,,,,,
130799671,1439718336,1439718328,,,,,,,,,,,,,,,,,,,,,,,,,,,,,,,,,,,,,,,,,,
130799684,1439719859,1439719831,,,,,,,,,,,,,,,,,,,,,,,,,,,,,,,,,,,,,,,,,,
130799685,1439718867,1439718840,,,,,,,,,,,,,,,,,,,,,,,,,,,,,,,,,,,,,,,,,,
130799687,1439718840,1439718683,3751653213,3751653183,822483272,3751653144,1439718551,,,,,,,,,,,,,,,,,,,,,,,,,,,,,,,,,,,,,
130799688,1439719831,1439719815,1439719478,1439719471,1439719468,1439719367,1448661117,1448661108,1439719331,1439719077,1439718867,,,,,,,,,,,,,,,,,,,,,,,,,,,,,,,,,
130799693,1439717842,1439717869,822483267,5760030956,5760030957,1439717904,1439717943,1439717958,1756857681,1439717985,1439718015,822483266,1439718050,1439718057,,,,,,,,,,,,,,,,,,,,,,,,,,,,,,
130799700,1439719554,1439719514,1439719504,1439719503,1439719500,1439719485,1439719454,1439719424,1439719407,1439719384,,,,,,,,,,,,,,,,,,,,,,,,,,,,,,,,,,
130799702,1439719181,1439719221,1439719275,1439719282,1439719287,1439719263,1439719245,1439719161,1439719151,1439719170,1439719181,,,,,,,,,,,,,,,,,,,,,,,,,,,,,,,,,
130799703,1439718353,5270146680,1439718330,5270146682,1439718308,5270146683,,,,,,,,,,,,,,,,,,,,,,,,,,,,,,,,,,,,,,
130799704,1439718973,1439718986,1439718998,1439719002,1439718992,1439718979,1439718964,1439718951,1439718945,1439718946,,,,,,,,,,,,,,,,,,,,,,,,,,,,,,,,,,
130799705,1439718483,1439718513,1439718543,1439718550,1439718599,5598199886,1439718579,1439718533,1439718530,1439718498,1439718511,,,,,,,,,,,,,,,,,,,,,,,,,,,,,,,,,
130799706,1439719560,5598199896,1439719542,1439719432,1439719322,1439719311,1439719295,2871649815,2871649821,2871649822,1439718980,2871649823,1439718953,1439718947,,,,,,,,,,,,,,,,,,,,,,,,,,,,,,
130799708,1439719750,1439719757,1439719795,1439719794,1439719752,1439719625,1439719619,1439719613,1439719559,1439719579,1439719655,,,,,,,,,,,,,,,,,,,,,,,,,,,,,,,,,
130799709,1439718879,2917165144,2837148959,2837198973,2917165143,5220784240,1439719076,1439719120,1439719217,2870638611,1439719265,1439719271,1439719285,,,,,,,,,,,,,,,,,,,,,,,,,,,,,,,
130799713,1439718501,1439718510,,,,,,,,,,,,,,,,,,,,,,,,,,,,,,,,,,,,,,,,,,
130799714,1439719404,1439719379,1439719374,2901188623,2901188622,1439719253,1439719280,1439719290,1439719302,1439719320,1439719360,1439719414,1439719427,1439719442,,,,,,,,,,,,,,,,,,,,,,,,,,,,,,
130799718,1439719518,1439719519,5222771871,5222771870,1439719517,1439719523,1439719534,1439719546,1439719568,1439719578,1439719586,1439719587,1439719595,1439719660,1439719714,,,,,,,,,,,,,,,,,,,,,,,,,,,,,
130799722,1439718286,3751653170,3751653207,1439718312,5222772396,5222772399,,,,,,,,,,,,,,,,,,,,,,,,,,,,,,,,,,,,,,
130799723,1439718547,1439718564,1439718664,1439718699,1439718706,1439718743,1439718855,1439718845,1439718860,2901188632,1439718940,1439719125,1439719215,5598199890,1439719230,,,,,,,,,,,,,,,,,,,,,,,,,,,,,
130799724,1439719315,1439719333,1439719358,1439719364,1439719365,1439719362,1439719348,,,,,,,,,,,,,,,,,,,,,,,,,,,,,,,,,,,,,
130799725,1141239820,1439720200,3274062031,1439720140,1439720107,1439720053,1439720049,1439719997,1439719953,1439719874,1439719836,1439719830,1439719825,,,,,,,,,,,,,,,,,,,,,,,,,,,,,,,
130799726,1439719412,5598199892,5222771867,1439719354,2917165142,1439719339,2365322049,5223284078,1439719200,1439719148,1439719085,2917165143,1439719047,2837198975,2837148961,1439718861,1439718825,1439718817,1439718808,1439718792,1439718786,,,,,,,,,,,,,,,,,,,,,,,
130799727,1439717938,1439717947,1439717964,1439717969,1439717983,1439718036,1439718031,1439718013,1439718004,1439717966,1439717921,1439717912,1439717905,1439717894,1439717886,,,,,,,,,,,,,,,,,,,,,,,,,,,,,
130799728,1439719545,1439719518,1439719467,1439719452,1439719448,1439719438,1439719434,1439719430,1439719419,1439719377,1439719380,1439719390,1439719398,1439719408,1439719418,,,,,,,,,,,,,,,,,,,,,,,,,,,,,
130799729,2835353685,1439718456,1439718448,1439718446,1439718449,1439718452,2835353681,2837165113,2835353682,1439718460,1439718466,1439718471,1439718480,2835353683,2835353684,1439718481,1439718482,1439718478,1439718474,1439718469,1439718462,2835353685,,,,,,,,,,,,,,,,,,,,,,
130799730,1439718619,2837178675,1439718596,2837178663,1439718538,1439718530,1439718521,1439718488,1439718463,5222772231,1439718441,1439718428,5547770177,,,,,,,,,,,,,,,,,,,,,,,,,,,,,,,
130799732,1439719964,1439719959,1439719944,1439719890,1439719882,1439719877,1439719845,1439719839,1439719842,1439719870,1439719886,1439719892,1439719904,1439719985,1439719978,1439719964,,,,,,,,,,,,,,,,,,,,,,,,,,,,
130799733,1439718315,1439718304,1439718296,1439718284,1439718276,1439718266,1439718255,1439718242,1439718232,1439718220,1439718213,1439718193,1439718174,1439718157,1439718147,1439718138,,,,,,,,,,,,,,,,,,,,,,,,,,,,
130799734,1439719493,1439719496,2870611716,2870611715,1439719509,1439719539,1439719599,1439719621,1439719638,1439719664,1439719690,1439719707,1439719723,1439719725,1439719721,1439719720,1439719701,1439719674,,,,,,,,,,,,,,,,,,,,,,,,,,
130799735,1439718894,1439718897,1439718911,1439718928,2837157816,1439719073,1439719259,1439719265,1439719279,1439719310,1439719336,1439719371,1439719392,1439719423,1439719437,1439719458,1439719472,5598199893,1439719482,,,,,,,,,,,,,,,,,,,,,,,,,
130799736,1439718988,1439718978,1439718950,1439718931,1439718922,1439718918,1439718930,1439718948,1439718961,1439718977,1439719001,1439719044,1439719086,1439719115,1439719152,1439719189,1439719243,,,,,,,,,,,,,,,,,,,,,,,,,,,
130799737,1439719686,1439719692,1439719711,1439719722,1439719743,1439719751,1439719759,1439719773,1439719776,1439719793,5222772291,1439719774,1439719771,1439719762,1439719737,1439719729,1439719724,1439719709,,,,,,,,,,,,,,,,,,,,,,,,,,
130799738,1439719268,1439719254,1439719231,1439719205,1439719172,1439719140,1439719089,1439719070,1439719019,1439719009,1439718997,1439718993,1439718990,1439718994,1439718999,1439719034,1439719074,1439719109,,,,,,,,,,,,,,,,,,,,,,,,,,
130799740,1439719148,5223284077,1439719107,1439719100,1439719091,1439719090,1439719097,1439719110,4749076129,1439719155,1439719239,1439719250,1439719257,1439719261,1439719272,1439719264,1439719251,1439719233,1439719203,1439719160,1439719100,,,,,,,,,,,,,,,,,,,,,,,
130799741,1439718968,1439719010,,,,,,,,,,,,,,,,,,,,,,,,,,,,,,,,,,,,,,,,,,
130799742,1439719752,2870596993,5222772283,1439719696,,,,,,,,,,,,,,,,,,,,,,,,,,,,,,,,,,,,,,,,
130799743,1439719002,2741861621,1439719082,,,,,,,,,,,,,,,,,,,,,,,,,,,,,,,,,,,,,,,,,
130799744,1439719113,1439719137,,,,,,,,,,,,,,,,,,,,,,,,,,,,,,,,,,,,,,,,,,
130799746,1439719764,3016195586,3016195587,1439719572,,,,,,,,,,,,,,,,,,,,,,,,,,,,,,,,,,,,,,,,
130799747,1439718650,1439718568,,,,,,,,,,,,,,,,,,,,,,,,,,,,,,,,,,,,,,,,,,
130799750,1439718674,1439718802,,,,,,,,,,,,,,,,,,,,,,,,,,,,,,,,,,,,,,,,,,
130799752,1439718512,1439718500,,,,,,,,,,,,,,,,,,,,,,,,,,,,,,,,,,,,,,,,,,
130799753,1439719874,1439719882,,,,,,,,,,,,,,,,,,,,,,,,,,,,,,,,,,,,,,,,,,
130799754,1439719312,1439719261,,,,,,,,,,,,,,,,,,,,,,,,,,,,,,,,,,,,,,,,,,
130799756,1439718617,5237548834,1439718688,,,,,,,,,,,,,,,,,,,,,,,,,,,,,,,,,,,,,,,,,
130799757,1439719527,1439719473,,,,,,,,,,,,,,,,,,,,,,,,,,,,,,,,,,,,,,,,,,
130799758,1439718367,1439718353,,,,,,,,,,,,,,,,,,,,,,,,,,,,,,,,,,,,,,,,,,
130799759,1439719284,1439719313,,,,,,,,,,,,,,,,,,,,,,,,,,,,,,,,,,,,,,,,,,
130799760,1439719436,1439719485,,,,,,,,,,,,,,,,,,,,,,,,,,,,,,,,,,,,,,,,,,
130799761,1439718764,1439718806,,,,,,,,,,,,,,,,,,,,,,,,,,,,,,,,,,,,,,,,,,
130799762,1439719121,1439719095,,,,,,,,,,,,,,,,,,,,,,,,,,,,,,,,,,,,,,,,,,
130799764,1439717947,1439718004,,,,,,,,,,,,,,,,,,,,,,,,,,,,,,,,,,,,,,,,,,
130799765,1439718497,1439718529,,,,,,,,,,,,,,,,,,,,,,,,,,,,,,,,,,,,,,,,,,
130799766,1439719120,1439719078,,,,,,,,,,,,,,,,,,,,,,,,,,,,,,,,,,,,,,,,,,
130799767,1439718845,1439718822,,,,,,,,,,,,,,,,,,,,,,,,,,,,,,,,,,,,,,,,,,
130799768,1439718811,1439718838,,,,,,,,,,,,,,,,,,,,,,,,,,,,,,,,,,,,,,,,,,
130799769,1439719165,1439719217,,,,,,,,,,,,,,,,,,,,,,,,,,,,,,,,,,,,,,,,,,
130799770,1439719026,2870577396,,,,,,,,,,,,,,,,,,,,,,,,,,,,,,,,,,,,,,,,,,
130799772,1439718487,1439718501,,,,,,,,,,,,,,,,,,,,,,,,,,,,,,,,,,,,,,,,,,
130799775,1439719688,1439719642,,,,,,,,,,,,,,,,,,,,,,,,,,,,,,,,,,,,,,,,,,
130799776,1439718929,1439718724,,,,,,,,,,,,,,,,,,,,,,,,,,,,,,,,,,,,,,,,,,
130799777,1439719374,1439719352,,,,,,,,,,,,,,,,,,,,,,,,,,,,,,,,,,,,,,,,,,
130799778,1439718689,1439718710,,,,,,,,,,,,,,,,,,,,,,,,,,,,,,,,,,,,,,,,,,
130799781,1439718565,1439718601,,,,,,,,,,,,,,,,,,,,,,,,,,,,,,,,,,,,,,,,,,
130799782,1439718692,1439718543,,,,,,,,,,,,,,,,,,,,,,,,,,,,,,,,,,,,,,,,,,
130799783,1439719099,1439719052,,,,,,,,,,,,,,,,,,,,,,,,,,,,,,,,,,,,,,,,,,
130799784,1439718889,1439718919,,,,,,,,,,,,,,,,,,,,,,,,,,,,,,,,,,,,,,,,,,
130799786,1439719511,5598199910,1439719541,,,,,,,,,,,,,,,,,,,,,,,,,,,,,,,,,,,,,,,,,
130799788,1439719375,1439719383,,,,,,,,,,,,,,,,,,,,,,,,,,,,,,,,,,,,,,,,,,
130799791,1439719536,1439719549,,,,,,,,,,,,,,,,,,,,,,,,,,,,,,,,,,,,,,,,,,
130799793,1439719302,1439719338,,,,,,,,,,,,,,,,,,,,,,,,,,,,,,,,,,,,,,,,,,
130799794,1439718771,2837148976,1439718808,,,,,,,,,,,,,,,,,,,,,,,,,,,,,,,,,,,,,,,,,
130799795,1439719708,5598200045,1439719757,,,,,,,,,,,,,,,,,,,,,,,,,,,,,,,,,,,,,,,,,
130799796,1439719557,1439719589,,,,,,,,,,,,,,,,,,,,,,,,,,,,,,,,,,,,,,,,,,
130799798,1439719280,1439719219,,,,,,,,,,,,,,,,,,,,,,,,,,,,,,,,,,,,,,,,,,
130799801,1439719661,1439719641,,,,,,,,,,,,,,,,,,,,,,,,,,,,,,,,,,,,,,,,,,
130799802,1439719383,1439719421,,,,,,,,,,,,,,,,,,,,,,,,,,,,,,,,,,,,,,,,,,
130799803,1439719102,5598200086,1439719170,,,,,,,,,,,,,,,,,,,,,,,,,,,,,,,,,,,,,,,,,
130799805,1439719459,1439719427,,,,,,,,,,,,,,,,,,,,,,,,,,,,,,,,,,,,,,,,,,
130799806,1439719491,1439719506,,,,,,,,,,,,,,,,,,,,,,,,,,,,,,,,,,,,,,,,,,
130799807,1439718615,2837157820,1439718718,,,,,,,,,,,,,,,,,,,,,,,,,,,,,,,,,,,,,,,,,
130799808,1439719343,1439719321,,,,,,,,,,,,,,,,,,,,,,,,,,,,,,,,,,,,,,,,,,
130799810,1439719833,1439719874,,,,,,,,,,,,,,,,,,,,,,,,,,,,,,,,,,,,,,,,,,
130799812,1439718860,1439718883,,,,,,,,,,,,,,,,,,,,,,,,,,,,,,,,,,,,,,,,,,
130799813,1439718733,1439718949,,,,,,,,,,,,,,,,,,,,,,,,,,,,,,,,,,,,,,,,,,
130799815,1439718722,1439718727,,,,,,,,,,,,,,,,,,,,,,,,,,,,,,,,,,,,,,,,,,
130799817,1439718517,1439718541,,,,,,,,,,,,,,,,,,,,,,,,,,,,,,,,,,,,,,,,,,
130799819,1439718272,1439718435,,,,,,,,,,,,,,,,,,,,,,,,,,,,,,,,,,,,,,,,,,
130799820,1439719028,1439719097,,,,,,,,,,,,,,,,,,,,,,,,,,,,,,,,,,,,,,,,,,
130799821,1439719562,1439719526,,,,,,,,,,,,,,,,,,,,,,,,,,,,,,,,,,,,,,,,,,
130799822,1439719770,1439719781,,,,,,,,,,,,,,,,,,,,,,,,,,,,,,,,,,,,,,,,,,
130799824,1439719420,5598200060,1439719401,,,,,,,,,,,,,,,,,,,,,,,,,,,,,,,,,,,,,,,,,
130799825,1439718865,1439718894,,,,,,,,,,,,,,,,,,,,,,,,,,,,,,,,,,,,,,,,,,
130799826,1439718949,1439719113,,,,,,,,,,,,,,,,,,,,,,,,,,,,,,,,,,,,,,,,,,
130799827,1439719285,1439719299,,,,,,,,,,,,,,,,,,,,,,,,,,,,,,,,,,,,,,,,,,
130799828,1439719877,1439719911,,,,,,,,,,,,,,,,,,,,,,,,,,,,,,,,,,,,,,,,,,
130799829,1439718870,5598199872,1439718898,,,,,,,,,,,,,,,,,,,,,,,,,,,,,,,,,,,,,,,,,
130799830,1439718523,1439718547,,,,,,,,,,,,,,,,,,,,,,,,,,,,,,,,,,,,,,,,,,
130799831,1439719440,1439719420,,,,,,,,,,,,,,,,,,,,,,,,,,,,,,,,,,,,,,,,,,
130799832,1439718855,5516223075,5222772293,,,,,,,,,,,,,,,,,,,,,,,,,,,,,,,,,,,,,,,,,
130799833,1439718947,1439718896,,,,,,,,,,,,,,,,,,,,,,,,,,,,,,,,,,,,,,,,,,
130799835,1439719680,1439719675,,,,,,,,,,,,,,,,,,,,,,,,,,,,,,,,,,,,,,,,,,
130799837,1439719095,1439718929,,,,,,,,,,,,,,,,,,,,,,,,,,,,,,,,,,,,,,,,,,
130799839,1439719414,1439719379,,,,,,,,,,,,,,,,,,,,,,,,,,,,,,,,,,,,,,,,,,
130799840,1439719393,1439719372,,,,,,,,,,,,,,,,,,,,,,,,,,,,,,,,,,,,,,,,,,
130799843,1439719799,1439719801,,,,,,,,,,,,,,,,,,,,,,,,,,,,,,,,,,,,,,,,,,
130799845,1439719579,5598200037,1439719541,,,,,,,,,,,,,,,,,,,,,,,,,,,,,,,,,,,,,,,,,
130799846,1439719358,1439719373,,,,,,,,,,,,,,,,,,,,,,,,,,,,,,,,,,,,,,,,,,
130799848,1439719239,1439719187,,,,,,,,,,,,,,,,,,,,,,,,,,,,,,,,,,,,,,,,,,
130799849,1439718593,1439718664,,,,,,,,,,,,,,,,,,,,,,,,,,,,,,,,,,,,,,,,,,
130799851,1439719160,5223284076,1439719200,,,,,,,,,,,,,,,,,,,,,,,,,,,,,,,,,,,,,,,,,
130799852,1439719432,1439719470,1439719535,1439719591,1439719609,,,,,,,,,,,,,,,,,,,,,,,,,,,,,,,,,,,,,,,
130799856,5547770185,1439718959,,,,,,,,,,,,,,,,,,,,,,,,,,,,,,,,,,,,,,,,,,
130799859,1439719329,1439719323,,,,,,,,,,,,,,,,,,,,,,,,,,,,,,,,,,,,,,,,,,
130799860,1439719360,1439719378,,,,,,,,,,,,,,,,,,,,,,,,,,,,,,,,,,,,,,,,,,
130799864,1439718787,1439718798,,,,,,,,,,,,,,,,,,,,,,,,,,,,,,,,,,,,,,,,,,
130799865,1439718786,1439718766,,,,,,,,,,,,,,,,,,,,,,,,,,,,,,,,,,,,,,,,,,
130799867,1439719525,1439719576,,,,,,,,,,,,,,,,,,,,,,,,,,,,,,,,,,,,,,,,,,
130799870,1439718595,1439718615,,,,,,,,,,,,,,,,,,,,,,,,,,,,,,,,,,,,,,,,,,
130799871,1439718329,2868313237,2868313241,2868313228,1439718427,,,,,,,,,,,,,,,,,,,,,,,,,,,,,,,,,,,,,,,
130799872,1439719219,1439719153,,,,,,,,,,,,,,,,,,,,,,,,,,,,,,,,,,,,,,,,,,
130799875,1439718500,1439718489,1439718486,1439718484,1439718467,1439718447,1439718450,1439718442,2837148980,2837207756,2837148983,1439718426,1439718427,2987409086,5552533703,2837165119,1439718439,1439718453,1439718458,2987409085,1439718461,1439718460,1439718459,1439718456,1439718454,1439718445,1439718435,4161763373,,,,,,,,,,,,,,,,
130799876,1439718095,1439718083,1439718076,1439718060,1439718048,1439718011,1439717974,1439717960,1439717946,1439717939,1439717933,1439717925,1439717909,1439717902,1439717878,1439717875,1439717867,1439717860,1439717857,1439717847,1439717831,,,,,,,,,,,,,,,,,,,,,,,
130799878,1439718959,2871649823,2871649816,2871649820,5499248443,2871649817,1439719037,1439719102,1439719132,1439719139,,,,,,,,,,,,,,,,,,,,,,,,,,,,,,,,,,
130799880,1439719299,1439719300,1439719311,1439719316,1439719330,1439719373,5223283496,1439719444,1439719447,,,,,,,,,,,,,,,,,,,,,,,,,,,,,,,,,,,
130799881,1439719321,1439719252,1439719188,1439719127,1439719058,1439719026,1439718981,1439718924,1439718881,1439718846,2309301792,1439718837,1439718828,1439718781,1439718736,,,,,,,,,,,,,,,,,,,,,,,,,,,,,
130799882,1439718835,1439718872,5222772245,5222772187,5598199864,1439718935,,,,,,,,,,,,,,,,,,,,,,,,,,,,,,,,,,,,,,
130799883,1439719744,6141664525,1439719787,1439719796,,,,,,,,,,,,,,,,,,,,,,,,,,,,,,,,,,,,,,,,
130799884,1439718428,2837144645,2837144646,2987374911,2837144649,2901212047,2835353271,2901212046,1439718510,,,,,,,,,,,,,,,,,,,,,,,,,,,,,,,,,,,
130799885,1439719540,1439719589,1439719658,,,,,,,,,,,,,,,,,,,,,,,,,,,,,,,,,,,,,,,,,
130799887,1439718703,2837144656,1439718674,1439718634,,,,,,,,,,,,,,,,,,,,,,,,,,,,,,,,,,,,,,,,
130799888,1439719441,2835301950,,,,,,,,,,,,,,,,,,,,,,,,,,,,,,,,,,,,,,,,,,
130799891,1439718744,1439718764,1439718782,,,,,,,,,,,,,,,,,,,,,,,,,,,,,,,,,,,,,,,,,
130799894,2917165142,1439719312,2917165141,,,,,,,,,,,,,,,,,,,,,,,,,,,,,,,,,,,,,,,,,
130799896,1439718830,1439718812,1439718777,,,,,,,,,,,,,,,,,,,,,,,,,,,,,,,,,,,,,,,,,
130799897,1439718699,1439718711,1439718708,,,,,,,,,,,,,,,,,,,,,,,,,,,,,,,,,,,,,,,,,
130799898,1439718675,1439718691,2837157823,1439718799,,,,,,,,,,,,,,,,,,,,,,,,,,,,,,,,,,,,,,,,
130799902,1439718481,1439718514,1439718549,,,,,,,,,,,,,,,,,,,,,,,,,,,,,,,,,,,,,,,,,
130799903,1439719582,1439719540,1439719508,,,,,,,,,,,,,,,,,,,,,,,,,,,,,,,,,,,,,,,,,
130799904,1439718734,5499248464,1439718822,1439718856,,,,,,,,,,,,,,,,,,,,,,,,,,,,,,,,,,,,,,,,
130799905,1439719139,1439719116,1439719099,,,,,,,,,,,,,,,,,,,,,,,,,,,,,,,,,,,,,,,,,
130799906,1439718861,1439718871,1439718884,,,,,,,,,,,,,,,,,,,,,,,,,,,,,,,,,,,,,,,,,
130799907,1439718919,1439718948,1439719009,,,,,,,,,,,,,,,,,,,,,,,,,,,,,,,,,,,,,,,,,
130799909,1439719205,1439719243,5598199861,1439719266,,,,,,,,,,,,,,,,,,,,,,,,,,,,,,,,,,,,,,,,
130799912,5598199836,5598199835,5598199834,1439719551,1439719473,1439719470,,,,,,,,,,,,,,,,,,,,,,,,,,,,,,,,,,,,,,
130799913,1439718838,1439718841,1439718844,,,,,,,,,,,,,,,,,,,,,,,,,,,,,,,,,,,,,,,,,
130799914,1439718550,1439718491,1439718533,,,,,,,,,,,,,,,,,,,,,,,,,,,,,,,,,,,,,,,,,
130799917,1439719701,2870611702,2870611755,1439719648,,,,,,,,,,,,,,,,,,,,,,,,,,,,,,,,,,,,,,,,
130799918,1439719276,1439719292,5598200022,1439719305,,,,,,,,,,,,,,,,,,,,,,,,,,,,,,,,,,,,,,,,
130799919,1668260017,1668208612,1669637723,1669637719,1726826036,1726825999,3071945124,1668208614,2837177961,1726826025,1439718417,1439718497,2837177977,1439718523,,,,,,,,,,,,,,,,,,,,,,,,,,,,,,
130799920,1439719720,1439719734,5598199902,1439719745,,,,,,,,,,,,,,,,,,,,,,,,,,,,,,,,,,,,,,,,
130799922,1439718518,2885050192,1439718580,1439718651,,,,,,,,,,,,,,,,,,,,,,,,,,,,,,,,,,,,,,,,
130799926,1439718872,1439718885,1439718889,,,,,,,,,,,,,,,,,,,,,,,,,,,,,,,,,,,,,,,,,
130799928,1439718578,1439718632,1439718675,,,,,,,,,,,,,,,,,,,,,,,,,,,,,,,,,,,,,,,,,
130799929,1439718826,1439718806,1439718783,,,,,,,,,,,,,,,,,,,,,,,,,,,,,,,,,,,,,,,,,
130799930,2835301950,1439719582,1439719743,,,,,,,,,,,,,,,,,,,,,,,,,,,,,,,,,,,,,,,,,
130799932,1439719653,5598199908,1439719554,1439719526,1439719429,,,,,,,,,,,,,,,,,,,,,,,,,,,,,,,,,,,,,,,
130799933,1439719125,1439719017,1439718991,5598198817,1439718898,,,,,,,,,,,,,,,,,,,,,,,,,,,,,,,,,,,,,,,
130799934,1439717932,1439717938,1439717957,1439717966,,,,,,,,,,,,,,,,,,,,,,,,,,,,,,,,,,,,,,,,
130799935,1439719658,1439719676,1439719678,1439719722,,,,,,,,,,,,,,,,,,,,,,,,,,,,,,,,,,,,,,,,
130799937,1439719978,1439719936,1439719911,1439719870,,,,,,,,,,,,,,,,,,,,,,,,,,,,,,,,,,,,,,,,
130799940,1439718957,1439718965,1439719006,1448661070,1439719077,,,,,,,,,,,,,,,,,,,,,,,,,,,,,,,,,,,,,,,
130799944,1439718677,1439718684,1439718679,2918105305,1439718706,,,,,,,,,,,,,,,,,,,,,,,,,,,,,,,,,,,,,,,
130799945,1439718524,1439718541,1439718601,1439718640,,,,,,,,,,,,,,,,,,,,,,,,,,,,,,,,,,,,,,,,
130799947,1439719824,1439719858,1439719930,1439719880,,,,,,,,,,,,,,,,,,,,,,,,,,,,,,,,,,,,,,,,
130799949,1439719745,5219457850,1439719755,1439719760,5219457855,1439719815,,,,,,,,,,,,,,,,,,,,,,,,,,,,,,,,,,,,,,
130799951,1439719753,1439719742,1439719710,1439719440,,,,,,,,,,,,,,,,,,,,,,,,,,,,,,,,,,,,,,,,
130799954,1439718308,5552533715,3759910383,,,,,,,,,,,,,,,,,,,,,,,,,,,,,,,,,,,,,,,,,
130799955,1439719712,1439719783,1439719792,1439719812,,,,,,,,,,,,,,,,,,,,,,,,,,,,,,,,,,,,,,,,
130799956,2901188633,1439718816,,,,,,,,,,,,,,,,,,,,,,,,,,,,,,,,,,,,,,,,,,
130799958,1439718991,3979894359,1439718863,1439718833,1439718703,,,,,,,,,,,,,,,,,,,,,,,,,,,,,,,,,,,,,,,
130799961,1439719369,5598199860,1439719332,1439719325,1439719268,,,,,,,,,,,,,,,,,,,,,,,,,,,,,,,,,,,,,,,
130799963,1439719080,1439719082,1439719134,5598200023,1439719149,,,,,,,,,,,,,,,,,,,,,,,,,,,,,,,,,,,,,,,
130799965,1439718895,1439718877,1439718874,1439718839,,,,,,,,,,,,,,,,,,,,,,,,,,,,,,,,,,,,,,,,
130799966,1439719334,5598199868,1439719399,1439719404,1439719406,1439719442,,,,,,,,,,,,,,,,,,,,,,,,,,,,,,,,,,,,,,
130799967,1439719711,1439719673,1439719661,1439719658,,,,,,,,,,,,,,,,,,,,,,,,,,,,,,,,,,,,,,,,
130799968,1439718739,1439718727,1439718670,2901172150,2901172153,1439718513,,,,,,,,,,,,,,,,,,,,,,,,,,,,,,,,,,,,,,
130799969,1439719153,5598200062,1439719130,5598199889,1439719111,1439719017,3979894357,1439718880,,,,,,,,,,,,,,,,,,,,,,,,,,,,,,,,,,,,
130799970,1439718775,5598199875,1439718816,1439718863,1439718880,1439718940,,,,,,,,,,,,,,,,,,,,,,,,,,,,,,,,,,,,,,
130799971,1439719446,1439719456,1439719562,1439719679,5598199906,1439719689,,,,,,,,,,,,,,,,,,,,,,,,,,,,,,,,,,,,,,
130799972,1439719018,1439719023,1439719036,1439719028,1439719011,,,,,,,,,,,,,,,,,,,,,,,,,,,,,,,,,,,,,,,
130799974,1439718514,1439718580,2837202705,1439718688,1439718713,1439718745,,,,,,,,,,,,,,,,,,,,,,,,,,,,,,,,,,,,,,
130799976,1439719809,1439719824,1439719868,1439719909,1439719858,,,,,,,,,,,,,,,,,,,,,,,,,,,,,,,,,,,,,,,
130799977,1439718746,1439718757,1439718743,1439718715,1439718719,,,,,,,,,,,,,,,,,,,,,,,,,,,,,,,,,,,,,,,
130799979,1439719324,1439719317,5598199849,1439718483,1439718367,,,,,,,,,,,,,,,,,,,,,,,,,,,,,,,,,,,,,,,
130799980,1439717957,1439717922,1439717919,1439717916,1439717921,,,,,,,,,,,,,,,,,,,,,,,,,,,,,,,,,,,,,,,
130799981,1439719057,1439719228,1439719237,1439719249,1439719273,,,,,,,,,,,,,,,,,,,,,,,,,,,,,,,,,,,,,,,
130799982,1439718445,1439718499,1439718575,1439718594,1439718637,,,,,,,,,,,,,,,,,,,,,,,,,,,,,,,,,,,,,,,
130799983,1439719832,1439719880,1439719809,1439719802,1439719789,,,,,,,,,,,,,,,,,,,,,,,,,,,,,,,,,,,,,,,
130799984,1439718478,1439718518,5237548831,1439718617,1439718637,1439718689,,,,,,,,,,,,,,,,,,,,,,,,,,,,,,,,,,,,,,
130799985,1439717820,1439717816,1439717837,1439717853,1439717886,,,,,,,,,,,,,,,,,,,,,,,,,,,,,,,,,,,,,,,
130799988,1439719629,1439719632,1439719635,1439719648,,,,,,,,,,,,,,,,,,,,,,,,,,,,,,,,,,,,,,,,
130799989,1439719479,1439719525,1439719573,1439719583,1439719603,,,,,,,,,,,,,,,,,,,,,,,,,,,,,,,,,,,,,,,
130799990,1439719683,5598199897,5598199836,1439719610,1439719527,1439719535,,,,,,,,,,,,,,,,,,,,,,,,,,,,,,,,,,,,,,
130799995,1439719796,1439719990,1439720007,1439720013,1439720019,1439720049,,,,,,,,,,,,,,,,,,,,,,,,,,,,,,,,,,,,,,
130799996,1439718837,1439718804,1439718805,1439718839,1439718864,1439718875,,,,,,,,,,,,,,,,,,,,,,,,,,,,,,,,,,,,,,
130799999,1439718854,1439718895,1439718946,1439718973,1439718996,1439719039,1439719063,,,,,,,,,,,,,,,,,,,,,,,,,,,,,,,,,,,,,
130800000,1439719660,1439719677,1439719682,1439719687,1439719697,1439719699,1439719710,,,,,,,,,,,,,,,,,,,,,,,,,,,,,,,,,,,,,
130800001,1439718864,1439718967,1439719039,1439719134,1439719292,1439719359,1439719342,,,,,,,,,,,,,,,,,,,,,,,,,,,,,,,,,,,,,
130800003,1439719247,1439719256,1439719269,1439719277,1439719286,1439719291,1439719313,1439719335,1439719333,,,,,,,,,,,,,,,,,,,,,,,,,,,,,,,,,,,
130800004,1439718686,1439718735,1439718782,1439718787,1439718826,1439718853,1439718821,,,,,,,,,,,,,,,,,,,,,,,,,,,,,,,,,,,,,
130800005,1439719729,1439719716,1439719704,1439719698,1439719695,1439719694,1439719715,,,,,,,,,,,,,,,,,,,,,,,,,,,,,,,,,,,,,
130800006,1439719675,1439719647,1439719656,1439719663,1439719680,1439719686,1439719715,,,,,,,,,,,,,,,,,,,,,,,,,,,,,,,,,,,,,
130800007,1439719417,1439719418,1439719421,1439719425,1439719431,1439719462,1439719517,,,,,,,,,,,,,,,,,,,,,,,,,,,,,,,,,,,,,
130800008,1439718649,2871637349,2871637354,1439718697,1439718718,4721624160,,,,,,,,,,,,,,,,,,,,,,,,,,,,,,,,,,,,,,
130800009,1439719330,1439719315,1439719318,1439719284,1439719247,2889755000,1439719087,1439719117,1439719161,,,,,,,,,,,,,,,,,,,,,,,,,,,,,,,,,,,
130800010,1439719591,1439719620,1439719624,1439719630,1439719626,1439719622,1439719610,,,,,,,,,,,,,,,,,,,,,,,,,,,,,,,,,,,,,
130800011,1439719642,1439719590,1439719558,1439719510,1439719498,2971472346,1439719476,2971472351,1439719391,,,,,,,,,,,,,,,,,,,,,,,,,,,,,,,,,,,
130800012,1439718728,1439718775,5499248462,1439718870,1439718917,1439718935,,,,,,,,,,,,,,,,,,,,,,,,,,,,,,,,,,,,,,
130800013,1439719450,1439719477,1439719493,1439719530,1439719512,1439719506,1439719460,,,,,,,,,,,,,,,,,,,,,,,,,,,,,,,,,,,,,
130800014,1439719781,1439719789,1439719799,1439719832,5219388468,1439719891,1439719903,1439719915,,,,,,,,,,,,,,,,,,,,,,,,,,,,,,,,,,,,
130800015,1439718479,1439718473,1439718511,1439718563,1439718619,1439718634,5598199821,1439718773,,,,,,,,,,,,,,,,,,,,,,,,,,,,,,,,,,,,
130800016,1439718566,1439718613,1439718636,1439718657,1439718667,1439718663,1439718668,1439718675,,,,,,,,,,,,,,,,,,,,,,,,,,,,,,,,,,,,
130800017,1439718710,1439718859,2835353665,2835353666,2917165144,1439719018,1439719119,1439719187,2917165141,1439719273,5222771869,5598199891,1439719361,5598200061,5222771868,1439719375,,,,,,,,,,,,,,,,,,,,,,,,,,,,
130800018,1439719010,1439719258,1439719266,1439719334,1439719369,1439719389,5598199850,1439719402,1439719411,,,,,,,,,,,,,,,,,,,,,,,,,,,,,,,,,,,
130800021,1439719500,1439719501,1439719505,1439719511,1439719515,1439719513,1439719507,1439719504,,,,,,,,,,,,,,,,,,,,,,,,,,,,,,,,,,,,
130800022,1439719762,1439719692,1439719641,1439719576,1439719557,1439719508,1439719499,,,,,,,,,,,,,,,,,,,,,,,,,,,,,,,,,,,,,
130800023,1439719442,1439719445,1439719481,1439719459,1439719378,1439719338,1439719327,1439719289,,,,,,,,,,,,,,,,,,,,,,,,,,,,,,,,,,,,
130800024,1439718392,1439718407,1439718476,1439718486,1439718495,1439718640,1439718798,1439718865,,,,,,,,,,,,,,,,,,,,,,,,,,,,,,,,,,,,
130800026,1439718808,1439718814,1439718843,1439718844,,,,,,,,,,,,,,,,,,,,,,,,,,,,,,,,,,,,,,,,
130800027,1439719788,1439719784,1439719783,1439719779,1439719775,1439719705,1439719702,1439719712,1439719719,,,,,,,,,,,,,,,,,,,,,,,,,,,,,,,,,,,
130800028,1439718896,1439718818,2837157819,1439718760,1439718716,1439718691,1439718672,1439718629,1439718622,1439718615,,,,,,,,,,,,,,,,,,,,,,,,,,,,,,,,,,
130800030,1439719813,1439719814,1439719812,1439719811,2917428712,1439719884,1439719888,1439719898,1439719894,1439719883,,,,,,,,,,,,,,,,,,,,,,,,,,,,,,,,,,
130800031,1439719447,1439719464,1439719491,1439719609,1439719674,1439719726,5598199898,1439719736,5598200055,1439719749,1439719770,,,,,,,,,,,,,,,,,,,,,,,,,,,,,,,,,
130800032,1439719462,1439719455,1439719451,1439719463,1439719469,1439719480,1439719495,1439719502,1439719522,,,,,,,,,,,,,,,,,,,,,,,,,,,,,,,,,,,
130800033,1439718766,1439718745,2837202706,1439718651,2837148977,1439718568,1439718549,1439718493,1439718475,1439718464,1439718439,,,,,,,,,,,,,,,,,,,,,,,,,,,,,,,,,
130800035,1439718967,1439718955,1439718944,2870561515,1439718901,1439718888,1439718878,1439718869,1439718874,1439718854,,,,,,,,,,,,,,,,,,,,,,,,,,,,,,,,,,
130800036,1439717839,1439717862,1439717935,1439717936,1439717926,1439717809,1439717812,1439717820,1439717853,,,,,,,,,,,,,,,,,,,,,,,,,,,,,,,,,,,
130800038,5760030985,5760030984,5760030986,5760030983,5760030980,1439717802,1439717817,1439717835,1439717836,1439717848,1439717959,1439717963,1439717944,,,,,,,,,,,,,,,,,,,,,,,,,,,,,,,
130800039,1439719399,1439719381,1439719376,1439719370,1439719352,1439719337,1439719326,1439719319,5598199869,1439719258,,,,,,,,,,,,,,,,,,,,,,,,,,,,,,,,,,
130800040,1439718871,1439719015,1439719035,1439719078,1439719165,1439719213,1439719202,1439719055,1439719073,,,,,,,,,,,,,,,,,,,,,,,,,,,,,,,,,,,
130800041,1439718670,1439718692,5598199885,1439718728,,,,,,,,,,,,,,,,,,,,,,,,,,,,,,,,,,,,,,,,
130800142,1439719119,1439719122,1439719155,,,,,,,,,,,,,,,,,,,,,,,,,,,,,,,,,,,,,,,,,
130800145,1439719465,1439719479,1439719499,,,,,,,,,,,,,,,,,,,,,,,,,,,,,,,,,,,,,,,,,
131633570,822483272,1439718598,1439718465,824063606,1439718457,1439718430,1448660833,1448660831,1439718419,1439718336,,,,,,,,,,,,,,,,,,,,,,,,,,,,,,,,,,
131633572,1439718551,1448514587,,,,,,,,,,,,,,,,,,,,,,,,,,,,,,,,,,,,,,,,,,
131648488,1448660833,3751653177,3751653210,1448660848,1448660855,1448660863,1448660864,1448660865,1448660860,1448660852,1448660845,1448660835,3751653209,3751653176,1448660831,,,,,,,,,,,,,,,,,,,,,,,,,,,,,
131648491,1448661129,1448661127,1448661124,1448661125,1448661126,1448661128,1448661131,1448661135,1448661137,1448661138,1439719391,1448661132,1448661129,,,,,,,,,,,,,,,,,,,,,,,,,,,,,,,
131648495,1448661126,1448661121,1448661116,1448661107,1448661103,1448661102,1448661095,1448661087,1448661080,1448661076,1448661071,1448661067,1448661066,5761894724,1448661063,1448661062,,,,,,,,,,,,,,,,,,,,,,,,,,,,
131648497,1448661301,1439719975,1448661299,1439719941,1439719893,1439719883,1439719871,1439719838,1439719819,1439719813,1439719806,1439719798,1439719788,1439719763,1439719732,1439719719,1439719700,1439719688,,,,,,,,,,,,,,,,,,,,,,,,,,
131648498,1448661122,1448661117,,,,,,,,,,,,,,,,,,,,,,,,,,,,,,,,,,,,,,,,,,
131648502,1448660869,1448660857,,,,,,,,,,,,,,,,,,,,,,,,,,,,,,,,,,,,,,,,,,
131648504,1448661108,1448661113,,,,,,,,,,,,,,,,,,,,,,,,,,,,,,,,,,,,,,,,,,
131648513,1448660906,1448660970,,,,,,,,,,,,,,,,,,,,,,,,,,,,,,,,,,,,,,,,,,
131648519,1448661130,1448661122,,,,,,,,,,,,,,,,,,,,,,,,,,,,,,,,,,,,,,,,,,
131648520,1448660954,1448660983,,,,,,,,,,,,,,,,,,,,,,,,,,,,,,,,,,,,,,,,,,
131648523,1448660925,1448660869,,,,,,,,,,,,,,,,,,,,,,,,,,,,,,,,,,,,,,,,,,
131648525,1448661012,1448661025,,,,,,,,,,,,,,,,,,,,,,,,,,,,,,,,,,,,,,,,,,
131648526,1448661113,1448661119,,,,,,,,,,,,,,,,,,,,,,,,,,,,,,,,,,,,,,,,,,
131648527,1448661119,1448661124,,,,,,,,,,,,,,,,,,,,,,,,,,,,,,,,,,,,,,,,,,
131648528,1439719391,1448661130,,,,,,,,,,,,,,,,,,,,,,,,,,,,,,,,,,,,,,,,,,
131648530,1448661024,1448661010,,,,,,,,,,,,,,,,,,,,,,,,,,,,,,,,,,,,,,,,,,
131648534,1448661010,1448660967,1448660926,,,,,,,,,,,,,,,,,,,,,,,,,,,,,,,,,,,,,,,,,
131648537,1448661025,1448661033,1448661037,,,,,,,,,,,,,,,,,,,,,,,,,,,,,,,,,,,,,,,,,
131648540,1448661036,1448661032,1448661024,,,,,,,,,,,,,,,,,,,,,,,,,,,,,,,,,,,,,,,,,
131648541,1448660977,1448660927,1448660925,,,,,,,,,,,,,,,,,,,,,,,,,,,,,,,,,,,,,,,,,
131648546,1448660931,1448660971,1448661012,,,,,,,,,,,,,,,,,,,,,,,,,,,,,,,,,,,,,,,,,
131648553,1448660864,1448660891,1448660924,1448660935,,,,,,,,,,,,,,,,,,,,,,,,,,,,,,,,,,,,,,,,
131648558,1448660922,1448660911,1448660883,1448660852,,,,,,,,,,,,,,,,,,,,,,,,,,,,,,,,,,,,,,,,
131648561,1448661029,1448661019,1448661013,1448661006,1448661004,1448661002,1448660999,1448660998,1448660994,1448660990,1448660988,1448660982,1448660976,1448660972,1448660966,1448660961,1448660953,1448660947,1448660945,1448660941,1448660930,1448660929,1448660919,1448660909,1448660904,1448660896,1448660888,1448660881,1448660876,1448660872,1448660861,1448660857,1448660858,1448660866,1448660898,1448660906,1448660927,1448660948,1448660954,1448660963,1448660964,,,
131648567,1448661131,1448661134,1448661139,1448661141,1448661152,1448661154,1448661158,1448661163,,,,,,,,,,,,,,,,,,,,,,,,,,,,,,,,,,,,
154257461,1439718669,5499248448,1668212560,1448660935,1448660931,,,,,,,,,,,,,,,,,,,,,,,,,,,,,,,,,,,,,,,
154257647,1668212301,2837221203,5552508684,1668212302,2835336311,1669640894,5499248434,1668248234,1439718131,,,,,,,,,,,,,,,,,,,,,,,,,,,,,,,,,,,
154257650,1668212301,1668215352,2835336307,1668215353,1668215351,1668215350,1669637730,1668215349,1668215354,1669637725,1668215355,1726826032,1439718477,2837178694,3059998139,2835336309,1726826031,2837178709,1726826022,2837178711,1668213943,2837144634,,,,,,,,,,,,,,,,,,,,,,
154257708,1668215320,1668216740,1668216067,1668215351,,,,,,,,,,,,,,,,,,,,,,,,,,,,,,,,,,,,,,,,
154261150,1668247830,1668248237,,,,,,,,,,,,,,,,,,,,,,,,,,,,,,,,,,,,,,,,,,
154261210,1668255977,3747384711,3749263123,1668255975,1668248236,,,,,,,,,,,,,,,,,,,,,,,,,,,,,,,,,,,,,,,
154261211,1668248239,1668248241,1669640894,,,,,,,,,,,,,,,,,,,,,,,,,,,,,,,,,,,,,,,,,
154261842,1668248236,1668248239,,,,,,,,,,,,,,,,,,,,,,,,,,,,,,,,,,,,,,,,,,
154261843,1668248237,1668248234,,,,,,,,,,,,,,,,,,,,,,,,,,,,,,,,,,,,,,,,,,
154261845,1668255973,3747384712,3749263124,1668255978,1668247830,,,,,,,,,,,,,,,,,,,,,,,,,,,,,,,,,,,,,,,
154262844,1439719736,1439719738,1439719740,5499248455,1439719748,1439719746,1439719745,1439719741,1439719735,1439719730,1439719708,1439719703,5499248454,1439719689,5222772274,1439719681,1439719666,1439719653,1439719612,1439719541,1439719531,1439719475,5499248453,1439719435,1439719426,1439719405,1439719397,1439719393,,,,,,,,,,,,,,,,
154266156,1668295986,5270146687,1668297397,3751653106,3747384710,1668285578,,,,,,,,,,,,,,,,,,,,,,,,,,,,,,,,,,,,,,
154422411,1726825995,1669635731,1669635743,1726826029,1669635749,1726826002,2901223309,1669635735,1669635781,,,,,,,,,,,,,,,,,,,,,,,,,,,,,,,,,,,
154422413,1726825999,2901223308,1669635777,1669635735,,,,,,,,,,,,,,,,,,,,,,,,,,,,,,,,,,,,,,,,
154422418,1668215319,1669635728,1669635712,1669637722,1669635756,1726825997,1669635753,1726826000,1669635769,1669635781,1669635738,1669637720,3059998139,,,,,,,,,,,,,,,,,,,,,,,,,,,,,,,
154423299,1669637725,1669637731,1669637724,1669637717,1669637718,1669635756,,,,,,,,,,,,,,,,,,,,,,,,,,,,,,,,,,,,,,
154423302,1669637723,1669637729,1669637722,,,,,,,,,,,,,,,,,,,,,,,,,,,,,,,,,,,,,,,,,
154423303,1669637730,1669637721,1669637728,2901223313,1669637715,1669637722,,,,,,,,,,,,,,,,,,,,,,,,,,,,,,,,,,,,,,
154423305,1669637719,2918105277,1669637727,1669635756,,,,,,,,,,,,,,,,,,,,,,,,,,,,,,,,,,,,,,,,
160633068,1726826032,1726825998,1726826034,1726825997,,,,,,,,,,,,,,,,,,,,,,,,,,,,,,,,,,,,,,,,
160633069,1726826035,1726826022,1726825996,1726826035,1726826029,,,,,,,,,,,,,,,,,,,,,,,,,,,,,,,,,,,,,,,
160633070,1726826031,1726826008,1726826002,,,,,,,,,,,,,,,,,,,,,,,,,,,,,,,,,,,,,,,,,
160633071,1669635749,1726826020,3071945124,,,,,,,,,,,,,,,,,,,,,,,,,,,,,,,,,,,,,,,,,
160633076,1726826025,1726826006,1669635743,,,,,,,,,,,,,,,,,,,,,,,,,,,,,,,,,,,,,,,,,
160633077,1726826000,1726826041,1726826036,,,,,,,,,,,,,,,,,,,,,,,,,,,,,,,,,,,,,,,,,
163926030,1755882464,5270146681,1439718330,,,,,,,,,,,,,,,,,,,,,,,,,,,,,,,,,,,,,,,,,
164024487,1756857663,1756857709,1756857688,1756857669,1756857663,,,,,,,,,,,,,,,,,,,,,,,,,,,,,,,,,,,,,,,
164024488,1756857669,1756857676,1756857679,1756857693,,,,,,,,,,,,,,,,,,,,,,,,,,,,,,,,,,,,,,,,
164024490,1756857681,1756857714,,,,,,,,,,,,,,,,,,,,,,,,,,,,,,,,,,,,,,,,,,
181486396,5355026396,812699937,812699938,812699939,812699945,812699948,812699950,812699952,812699953,812699954,812699955,812699956,812699958,812699961,812699963,812699965,812699967,812699968,812699970,812699972,,,,,,,,,,,,,,,,,,,,,,,,
205196350,2151731891,2151731897,2151731903,2151731893,2971472338,2151731882,2151731901,2151731863,2151731866,2151731852,2151731870,2151731877,2971472333,2151731908,1448661181,,,,,,,,,,,,,,,,,,,,,,,,,,,,,
205196355,2151731905,2151731873,2151731853,2151731868,2151731880,,,,,,,,,,,,,,,,,,,,,,,,,,,,,,,,,,,,,,,
227901438,2365322049,5223283941,2365326890,2365322051,5223284064,5223283906,5223283935,,,,,,,,,,,,,,,,,,,,,,,,,,,,,,,,,,,,,
227901801,2365322051,5223283903,2365324973,2365324975,2365324977,2365324979,5223283972,2365324992,5223283904,,,,,,,,,,,,,,,,,,,,,,,,,,,,,,,,,,,
227902041,2365324977,2365326850,2365326851,2365326852,2365326853,2365326854,2365326891,2365326858,2365326859,2365326860,5223283925,,,,,,,,,,,,,,,,,,,,,,,,,,,,,,,,,
227902042,2365326892,2365326894,,,,,,,,,,,,,,,,,,,,,,,,,,,,,,,,,,,,,,,,,,
279303832,2835257215,2835257214,2835257213,2835257212,2835257211,2835257210,2835257209,2835257208,2835228085,5223283490,,,,,,,,,,,,,,,,,,,,,,,,,,,,,,,,,,
279303833,2835257216,2835257217,3759910385,3759910384,2835336308,,,,,,,,,,,,,,,,,,,,,,,,,,,,,,,,,,,,,,,
279303834,2835257233,2835257234,2835257235,2835257236,2835257237,2835257219,2835257220,2835257221,2835257222,2835257227,2835257228,2835257229,2835257230,2835257231,2835257232,2835257223,2835257224,2835257225,5222772384,2835257226,2835257233,,,,,,,,,,,,,,,,,,,,,,,
279307546,2835285706,2835285707,2835285708,2835285709,2835285710,2835285711,2835285712,2987377873,2835285713,2835285714,2835285715,2835285716,2835285717,,,,,,,,,,,,,,,,,,,,,,,,,,,,,,,
279311908,1668260017,5237548844,,,,,,,,,,,,,,,,,,,,,,,,,,,,,,,,,,,,,,,,,,
279311909,2835336301,2835336302,1668215350,,,,,,,,,,,,,,,,,,,,,,,,,,,,,,,,,,,,,,,,,
279311910,2835336303,2835336304,2835336305,2835336306,2835336307,,,,,,,,,,,,,,,,,,,,,,,,,,,,,,,,,,,,,,,
279311911,2835336308,2835336309,,,,,,,,,,,,,,,,,,,,,,,,,,,,,,,,,,,,,,,,,,
279311912,2835257207,2835336312,2835336314,2835336316,2835336310,2835336311,,,,,,,,,,,,,,,,,,,,,,,,,,,,,,,,,,,,,,
279311913,2835336312,2835336313,,,,,,,,,,,,,,,,,,,,,,,,,,,,,,,,,,,,,,,,,,
279311914,2835336314,2835336315,,,,,,,,,,,,,,,,,,,,,,,,,,,,,,,,,,,,,,,,,,
279311915,2835336316,2835336317,,,,,,,,,,,,,,,,,,,,,,,,,,,,,,,,,,,,,,,,,,
279313870,1439718703,1439718719,,,,,,,,,,,,,,,,,,,,,,,,,,,,,,,,,,,,,,,,,,
279487702,2837144632,1668213941,,,,,,,,,,,,,,,,,,,,,,,,,,,,,,,,,,,,,,,,,,
279487703,1439718412,2837144633,2837145276,2837144644,2837144638,2837144635,2837145205,5499248466,2837144634,,,,,,,,,,,,,,,,,,,,,,,,,,,,,,,,,,,
279487704,2837144635,2837144636,2837144637,2837144631,,,,,,,,,,,,,,,,,,,,,,,,,,,,,,,,,,,,,,,,
279487705,2837144638,2837144639,2837144640,2837144641,2837144642,2837144643,,,,,,,,,,,,,,,,,,,,,,,,,,,,,,,,,,,,,,
279487706,2837144644,5547770179,,,,,,,,,,,,,,,,,,,,,,,,,,,,,,,,,,,,,,,,,,
279487707,2837144646,1439718479,2837144647,2987374909,2987374910,2837144648,2837178639,2837178645,2901212048,2837144649,,,,,,,,,,,,,,,,,,,,,,,,,,,,,,,,,,
279487709,2837144650,2837144652,2837144653,2837144654,2837144655,2837144656,,,,,,,,,,,,,,,,,,,,,,,,,,,,,,,,,,,,,,
279487711,2837144673,2837144674,2837144675,2837144676,2837144658,2837144659,2837144660,2837144661,2837144662,2837144663,2837144671,2837144672,2837144664,2837144665,2837144666,2837144667,2837144668,2837144669,2837144670,2837144673,,,,,,,,,,,,,,,,,,,,,,,,
279487714,2837144637,2837145206,2837145205,,,,,,,,,,,,,,,,,,,,,,,,,,,,,,,,,,,,,,,,,
279487721,2837145263,2837145264,2837145265,2837145266,5223283495,2837145267,2837145268,5223283494,2837145269,5223283493,5223283492,2837145270,5223283491,2837145271,2837145272,2837145273,2837145274,2837145275,2837145276,,,,,,,,,,,,,,,,,,,,,,,,,
279488320,2837157878,2837157879,2837157880,2837148930,2837148941,2837148931,2837148932,2837148942,2837148933,2837157875,2837157876,2837157877,2837148937,2837148934,2837148938,2837148935,2837148939,2837148936,2837148940,2837157878,,,,,,,,,,,,,,,,,,,,,,,,
279488323,2837148959,2889769525,2837148960,2837148961,,,,,,,,,,,,,,,,,,,,,,,,,,,,,,,,,,,,,,,,
279488324,2889769525,2837148963,2837148964,2837148965,2837148966,2837148967,2837148968,2837148969,2837148970,2837148971,2837148972,2837148973,2837148974,2837148975,2837148976,,,,,,,,,,,,,,,,,,,,,,,,,,,,,
279488325,2837148977,2837148978,,,,,,,,,,,,,,,,,,,,,,,,,,,,,,,,,,,,,,,,,,
279488326,2837148979,2837148980,,,,,,,,,,,,,,,,,,,,,,,,,,,,,,,,,,,,,,,,,,
279488327,2837148981,2837148982,2837148983,,,,,,,,,,,,,,,,,,,,,,,,,,,,,,,,,,,,,,,,,
279488999,2837157816,2837157817,2837157818,,,,,,,,,,,,,,,,,,,,,,,,,,,,,,,,,,,,,,,,,
279489000,2837157820,2837157821,2837157822,2837157823,5552535436,2837157824,2835278145,2837157825,2837157826,2837157827,2837157828,1439718958,5598200117,5598200118,5598200119,5598200120,5598200221,5598200222,5598200227,5598200223,5598200224,5598200225,5598200226,,,,,,,,,,,,,,,,,,,,,
279490027,2837165105,2837165106,2837165107,2837165108,5598199822,2837165110,2868313227,2868313243,2837165127,5598199825,5598199826,2837165113,,,,,,,,,,,,,,,,,,,,,,,,,,,,,,,,
279490028,2837165114,2837165115,2837165116,2837165117,2837165118,2837165110,,,,,,,,,,,,,,,,,,,,,,,,,,,,,,,,,,,,,,
279490029,2837165119,2837165120,2837165121,2837165122,2837165123,2837165124,2837165125,2837165126,2837165127,,,,,,,,,,,,,,,,,,,,,,,,,,,,,,,,,,,
279490030,2837165122,2837165128,2837165129,2868313246,2837165130,2837165131,2837165132,,,,,,,,,,,,,,,,,,,,,,,,,,,,,,,,,,,,,
279490031,2837165133,2837165134,2837165135,2837165136,2837165137,2837165138,2837165133,,,,,,,,,,,,,,,,,,,,,,,,,,,,,,,,,,,,,
279491459,2837177961,2837177962,2837177963,1668208614,,,,,,,,,,,,,,,,,,,,,,,,,,,,,,,,,,,,,,,,
279491460,2837177964,2837177965,2837177966,2837177962,,,,,,,,,,,,,,,,,,,,,,,,,,,,,,,,,,,,,,,,
279491461,2837177967,2837177968,2837177969,,,,,,,,,,,,,,,,,,,,,,,,,,,,,,,,,,,,,,,,,
279491462,2837177970,2837177971,2837177972,2837177973,2837177974,2837177975,2837177976,2837177964,,,,,,,,,,,,,,,,,,,,,,,,,,,,,,,,,,,,
279491463,2837144634,2837177977,,,,,,,,,,,,,,,,,,,,,,,,,,,,,,,,,,,,,,,,,,
279491470,1439718479,2837144671,,,,,,,,,,,,,,,,,,,,,,,,,,,,,,,,,,,,,,,,,,
279491471,2837144676,2837178639,,,,,,,,,,,,,,,,,,,,,,,,,,,,,,,,,,,,,,,,,,
279491472,2837144668,2837178640,2837178641,2837178642,2837178643,2837178644,2837178645,,,,,,,,,,,,,,,,,,,,,,,,,,,,,,,,,,,,,
279491473,2837178646,2837178647,2837178648,2837178649,2837178650,2837178651,1439718593,,,,,,,,,,,,,,,,,,,,,,,,,,,,,,,,,,,,,
279491475,2837178656,2837178657,2837178658,2837178659,2837178660,2837178661,2837178662,2837178663,,,,,,,,,,,,,,,,,,,,,,,,,,,,,,,,,,,,
279491476,2837178664,2837178665,2837178666,2837178667,2837178668,2837178669,2837178670,2837178671,2837178672,2837178673,2837178674,2837178675,,,,,,,,,,,,,,,,,,,,,,,,,,,,,,,,
279491477,2835238692,2837178676,2837178677,2837178678,2837178679,2837178680,2837178681,2835248060,,,,,,,,,,,,,,,,,,,,,,,,,,,,,,,,,,,,
279491478,2835247994,2837178682,2837178683,2837178684,2837178685,2837178686,2837178687,2837178698,2837178688,2837178689,2837178690,2837178691,2837178692,2837178693,,,,,,,,,,,,,,,,,,,,,,,,,,,,,,
279491480,2837178694,2837178695,2837178696,2837178697,2837178698,,,,,,,,,,,,,,,,,,,,,,,,,,,,,,,,,,,,,,,
279491481,2835228097,2837178699,2837178700,2837178701,2837178702,2837178703,2837178704,2837178705,2837178699,,,,,,,,,,,,,,,,,,,,,,,,,,,,,,,,,,,
279491482,2837178706,2837178707,2837178708,2837178709,,,,,,,,,,,,,,,,,,,,,,,,,,,,,,,,,,,,,,,,
279491483,2837178710,2837178711,,,,,,,,,,,,,,,,,,,,,,,,,,,,,,,,,,,,,,,,,,
279493859,2837198957,2837198958,2837198959,2837198960,2837198961,2837198962,2837198963,2837198964,2837198965,2837198966,2837144640,,,,,,,,,,,,,,,,,,,,,,,,,,,,,,,,,
279493860,2837198969,2837198970,2837198971,2837198972,,,,,,,,,,,,,,,,,,,,,,,,,,,,,,,,,,,,,,,,
279493861,2837198973,2837198974,2837198975,,,,,,,,,,,,,,,,,,,,,,,,,,,,,,,,,,,,,,,,,
279494346,2837202705,2875859190,2837202706,,,,,,,,,,,,,,,,,,,,,,,,,,,,,,,,,,,,,,,,,
279495020,2837207752,2837207753,2837207754,2837207755,2837207756,,,,,,,,,,,,,,,,,,,,,,,,,,,,,,,,,,,,,,,
279495021,2837207757,5222772321,5222772369,2837207758,5552533720,2837207759,3759910383,1439718332,5552533714,3759910380,1439718375,1439718412,,,,,,,,,,,,,,,,,,,,,,,,,,,,,,,,
279495031,2837207955,2837207956,2837207957,2837207958,2837207959,2837207960,2837207961,2837207943,2837207944,2837207947,2837207948,2837207949,2837207950,2837207951,2837207952,2837207953,2837207954,2837207945,2837207946,2837207955,,,,,,,,,,,,,,,,,,,,,,,,
279496278,2837220290,2837220291,2837220292,2837220293,2837220294,2837220295,5552533693,2837220296,2837220297,2837220298,2837220299,2837220300,2837221201,2837220290,,,,,,,,,,,,,,,,,,,,,,,,,,,,,,
282886139,2868313227,2868313229,2868313242,2868313238,2837165132,2868313228,,,,,,,,,,,,,,,,,,,,,,,,,,,,,,,,,,,,,,
282886140,2868313229,4555500072,2868313230,2868313231,2868313232,2868313233,2868313234,2868313235,2868313236,2868313239,2868313237,,,,,,,,,,,,,,,,,,,,,,,,,,,,,,,,,
282886141,2868313238,2868313240,2868313239,,,,,,,,,,,,,,,,,,,,,,,,,,,,,,,,,,,,,,,,,
282886143,2868313240,2868313241,,,,,,,,,,,,,,,,,,,,,,,,,,,,,,,,,,,,,,,,,,
282886144,2868313242,2868313244,2837165125,,,,,,,,,,,,,,,,,,,,,,,,,,,,,,,,,,,,,,,,,
282886145,2868313243,2868313244,2868313245,,,,,,,,,,,,,,,,,,,,,,,,,,,,,,,,,,,,,,,,,
282886146,2868313246,2868313247,,,,,,,,,,,,,,,,,,,,,,,,,,,,,,,,,,,,,,,,,,
282886147,2868313248,2868313249,2868313250,2868313251,2868313252,2868313253,2868313254,2868313255,2868313256,2868313257,2868313258,2868313259,2868313260,2868313261,2868313262,2868313263,2868313264,,,,,,,,,,,,,,,,,,,,,,,,,,,
282886149,2868313265,2868313266,2868313267,2868313268,2868313256,,,,,,,,,,,,,,,,,,,,,,,,,,,,,,,,,,,,,,,
282886154,2868313309,2868313310,2868313311,,,,,,,,,,,,,,,,,,,,,,,,,,,,,,,,,,,,,,,,,
283146787,2870577396,1439718979,,,,,,,,,,,,,,,,,,,,,,,,,,,,,,,,,,,,,,,,,,
284800628,2837144650,2837178639,,,,,,,,,,,,,,,,,,,,,,,,,,,,,,,,,,,,,,,,,,
284800629,2837144650,2885050144,2885050145,2885050146,,,,,,,,,,,,,,,,,,,,,,,,,,,,,,,,,,,,,,,,
284800635,5552533703,5552533702,5552533701,5552533700,2885051804,2885051805,2885051806,2885051807,2885051808,2885051809,2885051810,,,,,,,,,,,,,,,,,,,,,,,,,,,,,,,,,
285302718,2889754977,2889754978,2889754979,2889754980,2889754981,2889754982,2889754983,2889754984,2889754985,2889754986,2889754987,2889754988,2889754989,2889754990,2889754991,2889754992,2889754993,2889754994,2889754995,2889754996,2889754997,2889754998,2889754999,2889755000,,,,,,,,,,,,,,,,,,,,
288250095,2837144632,2835228096,2835228097,2835228098,2835228099,2837178706,2835228100,2835257201,2835257202,3759910385,2835257203,2835257204,2835257205,2835257206,2835257207,,,,,,,,,,,,,,,,,,,,,,,,,,,,,
288250096,2835228094,2837144632,,,,,,,,,,,,,,,,,,,,,,,,,,,,,,,,,,,,,,,,,,
292024322,2837207767,2955372557,2955372556,2955372555,2955372554,2955372553,2955372552,2955372551,2955372550,2955372549,2955372548,2955372547,2955372546,2955372545,2955372544,,,,,,,,,,,,,,,,,,,,,,,,,,,,,
293539968,2971472338,2971472339,2971472340,2971472341,2971472342,2971472343,2971472344,2971472345,1448661137,,,,,,,,,,,,,,,,,,,,,,,,,,,,,,,,,,,
293539969,2971472346,2971472347,2971472348,2971472349,2971472350,2971472351,,,,,,,,,,,,,,,,,,,,,,,,,,,,,,,,,,,,,,
293539970,2971472347,2971472352,2971472353,2971472354,2971472355,2971472356,2971472357,2971472339,,,,,,,,,,,,,,,,,,,,,,,,,,,,,,,,,,,,
293539971,2971472349,2971472358,2971472361,2971472359,2971472360,2971472362,2971472357,,,,,,,,,,,,,,,,,,,,,,,,,,,,,,,,,,,,,
293539972,2971472353,2971472361,,,,,,,,,,,,,,,,,,,,,,,,,,,,,,,,,,,,,,,,,,
295064692,2987374931,2987374932,,,,,,,,,,,,,,,,,,,,,,,,,,,,,,,,,,,,,,,,,,
295065176,2987377873,2987377874,2987377875,2987377876,2987377877,2987377878,2987377879,,,,,,,,,,,,,,,,,,,,,,,,,,,,,,,,,,,,,
297487400,822483271,3751653149,1439718741,1439718714,822483274,1439718535,822483268,1439718502,1448660916,1448660902,822483275,1448660856,1448660837,822483276,1439718418,814343526,1439718408,1448660829,822483277,824063676,824063626,824063572,824063635,824063658,1439718444,3751653142,824063606,,,,,,,,,,,,,,,,,
297487401,822483271,2151727721,1439718752,1439718648,822483272,,,,,,,,,,,,,,,,,,,,,,,,,,,,,,,,,,,,,,,
297718105,3016197341,5598199848,3016197342,,,,,,,,,,,,,,,,,,,,,,,,,,,,,,,,,,,,,,,,,
298752791,3026733626,5598200108,3026733627,3026733628,3026733629,3026733630,3026733631,1439719121,1439719137,3026733632,3026734333,3026734334,3026734335,5598200109,3026734336,,,,,,,,,,,,,,,,,,,,,,,,,,,,,
311063334,3166108243,823976158,823976085,2983230584,823976137,3282589416,823976066,823976121,2987612898,823976205,823976108,823976198,823976098,823976182,2981216561,823976080,823976165,2999592704,3528804982,823976060,823976146,4893612851,823976203,2981216562,5223283859,814343525,1448514624,1448514622,1448514619,1448514617,1439719980,1439719859,,,,,,,,,,,,
371144585,3747384708,3747384709,3747384710,3751653138,3751653139,3751653223,,,,,,,,,,,,,,,,,,,,,,,,,,,,,,,,,,,,,,
371144600,3790923940,3751653204,3751653203,3751653202,3751653201,3751653200,3751653199,3751653198,3751653197,3751653196,3751653195,3751653194,3751653193,3751653192,3751653191,3751653190,3751653189,3751653188,3751653187,3751653186,3751653185,3751653184,3751653183,3751653182,3751653181,3751653180,3751653179,3751653178,3751653177,3751653176,3751653175,3751653174,3751653173,3751653172,3751653171,,,,,,,,,
371144605,3747458039,3747458033,1668280092,3747458032,3747458036,,,,,,,,,,,,,,,,,,,,,,,,,,,,,,,,,,,,,,,
371352523,3790923940,3751653220,3751653219,3751653218,3751653217,3751653216,3751653215,3751653214,3751653213,3751653212,3751653211,3751653210,3751653209,3751653208,,,,,,,,,,,,,,,,,,,,,,,,,,,,,,
371352526,3749263120,3749263958,3749263121,3751653102,3751653103,3751653105,3751653104,3751653106,3751653107,3751653108,3751653109,3751653110,1439718175,1439718315,,,,,,,,,,,,,,,,,,,,,,,,,,,,,,
371600819,3751653222,3751653207,2835336200,3749263123,3749263124,3749263925,3749263926,3749263927,3749263928,3749263929,3749263959,3749263930,,,,,,,,,,,,,,,,,,,,,,,,,,,,,,,,
371600820,3751653208,3751653222,,,,,,,,,,,,,,,,,,,,,,,,,,,,,,,,,,,,,,,,,,
371600821,3751653221,3751653170,3751653169,3747384711,3747384712,3747458033,3747458034,3747458035,3747458032,3747384713,3747384714,,,,,,,,,,,,,,,,,,,,,,,,,,,,,,,,,
371600822,3751653171,3751653221,,,,,,,,,,,,,,,,,,,,,,,,,,,,,,,,,,,,,,,,,,
371600823,3751653224,3751653140,3751653141,3751653142,3751653143,3751653144,3751653145,3751653146,3751653147,3751653148,3751653149,3751653150,3751653151,3751653152,3751653153,3751653154,3751653155,3751653156,3751653157,6137914203,3751653158,3751653159,3751653160,3751653161,3751653162,3751653163,3751653164,3751653165,3751653166,3790923940,,,,,,,,,,,,,,
371600824,3751653223,3751653224,,,,,,,,,,,,,,,,,,,,,,,,,,,,,,,,,,,,,,,,,,
371600825,3751653225,3751653111,3751653112,3751653113,3751653114,1439718444,1448660970,1448660977,1448660983,3751653115,3751653116,1439718551,3751653117,3751653118,1448661008,1448661018,1448661029,3751653119,3751653120,1439718741,3751653121,3751653122,3751653123,3751653168,3751653167,1448661065,1439718971,3751653124,3751653125,3751653126,3751653127,3751653128,3751653129,3751653130,3751653131,3751653132,3751653133,3751653134,3751653135,3751653136,3751653137,3790923940,,
371600826,1439718315,3751653225,,,,,,,,,,,,,,,,,,,,,,,,,,,,,,,,,,,,,,,,,,
372434929,3759910380,3759910381,,,,,,,,,,,,,,,,,,,,,,,,,,,,,,,,,,,,,,,,,,
372434930,1439718332,2837207758,,,,,,,,,,,,,,,,,,,,,,,,,,,,,,,,,,,,,,,,,,
372434931,2837207759,2837207760,5222772371,5222772372,2837207761,2837207762,2837207763,2837207764,5222772374,2837207765,2837207766,2837207767,,,,,,,,,,,,,,,,,,,,,,,,,,,,,,,,
372434932,2835336301,2835336313,,,,,,,,,,,,,,,,,,,,,,,,,,,,,,,,,,,,,,,,,,
372434933,2835336303,2835336315,,,,,,,,,,,,,,,,,,,,,,,,,,,,,,,,,,,,,,,,,,
372434935,2837178710,2837178702,,,,,,,,,,,,,,,,,,,,,,,,,,,,,,,,,,,,,,,,,,
377434517,1439719052,3808032792,5222772289,3808032793,5222772288,5222772287,3808032794,5222772286,3808032795,5222772285,1439718721,,,,,,,,,,,,,,,,,,,,,,,,,,,,,,,,,
395101655,3979894357,3979894363,3979894358,,,,,,,,,,,,,,,,,,,,,,,,,,,,,,,,,,,,,,,,,
395101657,3979894359,3979894361,3979894360,,,,,,,,,,,,,,,,,,,,,,,,,,,,,,,,,,,,,,,,,
395101659,3979894361,3979894362,,,,,,,,,,,,,,,,,,,,,,,,,,,,,,,,,,,,,,,,,,
395101660,3979894363,3979894364,,,,,,,,,,,,,,,,,,,,,,,,,,,,,,,,,,,,,,,,,,
395101661,3979894369,3979894370,3979894371,3979894372,3979894373,3979894374,3979894375,3979894376,3979894377,3979894378,3979894379,3979894380,3979894381,3979894362,3979894368,3979894364,3979894365,3979894366,3979894367,3979894369,,,,,,,,,,,,,,,,,,,,,,,,
395101662,3979894382,3979894393,3979894394,3979894399,3979894395,3979894400,3979894396,3979894397,3979894398,3979894360,3979894383,3979894384,3979894385,3979894386,3979894387,3979894388,3979894389,3979894390,3979894391,3979894392,3979894358,3979894382,,,,,,,,,,,,,,,,,,,,,,
395101663,3979894364,3979894399,,,,,,,,,,,,,,,,,,,,,,,,,,,,,,,,,,,,,,,,,,
395101664,3979894362,3979894400,,,,,,,,,,,,,,,,,,,,,,,,,,,,,,,,,,,,,,,,,,
402934517,895492317,5355026393,4053327825,,,,,,,,,,,,,,,,,,,,,,,,,,,,,,,,,,,,,,,,,
402934518,4053327825,5355026392,895492322,,,,,,,,,,,,,,,,,,,,,,,,,,,,,,,,,,,,,,,,,
412824700,4141536089,4141535385,,,,,,,,,,,,,,,,,,,,,,,,,,,,,,,,,,,,,,,,,,
412824701,86841216,5355026376,5355026375,5355026395,4141535388,,,,,,,,,,,,,,,,,,,,,,,,,,,,,,,,,,,,,,,
412824702,4141535388,4141536092,,,,,,,,,,,,,,,,,,,,,,,,,,,,,,,,,,,,,,,,,,
412824703,4141535385,5355026394,1135676865,5355026380,5355026382,5355026381,895492309,,,,,,,,,,,,,,,,,,,,,,,,,,,,,,,,,,,,,
415101550,4161763372,1668213940,2837177967,2837177964,2837177970,1439718417,1668213942,1726825995,1668213943,2837198969,1668213941,2837144631,,,,,,,,,,,,,,,,,,,,,,,,,,,,,,,,
415101555,4161763373,4161763372,,,,,,,,,,,,,,,,,,,,,,,,,,,,,,,,,,,,,,,,,,
475418183,86841213,5355026384,1439718270,,,,,,,,,,,,,,,,,,,,,,,,,,,,,,,,,,,,,,,,,
475418184,1439718270,5355026377,5355026378,5355026379,86841214,5355026386,5355026387,5355026389,86841216,4141535387,,,,,,,,,,,,,,,,,,,,,,,,,,,,,,,,,,
477991638,4712714073,1439719629,,,,,,,,,,,,,,,,,,,,,,,,,,,,,,,,,,,,,,,,,,
477991639,1439719609,4712714073,,,,,,,,,,,,,,,,,,,,,,,,,,,,,,,,,,,,,,,,,,
478995530,1439718761,1439718799,1439718858,2871637932,1439718958,,,,,,,,,,,,,,,,,,,,,,,,,,,,,,,,,,,,,,,
478995531,4721624160,1439718761,,,,,,,,,,,,,,,,,,,,,,,,,,,,,,,,,,,,,,,,,,
482033500,1439719160,4749076122,4749076123,4749076124,4749076125,4749076126,,,,,,,,,,,,,,,,,,,,,,,,,,,,,,,,,,,,,,
482033501,4749076127,4749076126,4749076128,4749076129,,,,,,,,,,,,,,,,,,,,,,,,,,,,,,,,,,,,,,,,
539381148,1439718736,1439718733,1448661037,,,,,,,,,,,,,,,,,,,,,,,,,,,,,,,,,,,,,,,,,
539381149,1439719447,5222772284,1439719457,1439719460,1439719466,1439719461,1439719450,1439719449,1439719446,1439719443,1439719433,1439719429,1439719415,1439719387,1439719366,1439719353,1439719349,1439719343,,,,,,,,,,,,,,,,,,,,,,,,,,
539393586,5219457850,5219457851,5219457856,5219457852,5219457853,5219457854,5219457855,,,,,,,,,,,,,,,,,,,,,,,,,,,,,,,,,,,,,
539393587,5219457856,5219457857,,,,,,,,,,,,,,,,,,,,,,,,,,,,,,,,,,,,,,,,,,
539787358,5222772231,5222772232,5222772235,,,,,,,,,,,,,,,,,,,,,,,,,,,,,,,,,,,,,,,,,
539787359,5222772234,5222772233,,,,,,,,,,,,,,,,,,,,,,,,,,,,,,,,,,,,,,,,,,
539787360,5222772235,5222772234,,,,,,,,,,,,,,,,,,,,,,,,,,,,,,,,,,,,,,,,,,
539787361,5222772236,5222772242,5222772233,5222772237,5222772240,5222772238,5222772239,,,,,,,,,,,,,,,,,,,,,,,,,,,,,,,,,,,,,
539787362,5222772240,5222772241,,,,,,,,,,,,,,,,,,,,,,,,,,,,,,,,,,,,,,,,,,
539787363,5222772242,5222772243,5222772244,,,,,,,,,,,,,,,,,,,,,,,,,,,,,,,,,,,,,,,,,
539787368,5222772274,5598200043,5222772275,5222772276,1439719696,5222772277,5222772278,5222772279,1439719655,,,,,,,,,,,,,,,,,,,,,,,,,,,,,,,,,,,
539787369,5222772275,5222772280,5222772281,5222772276,,,,,,,,,,,,,,,,,,,,,,,,,,,,,,,,,,,,,,,,
539787370,1439719348,1439719346,1439719344,1439719329,1439719314,1439719303,1439719297,1439719282,,,,,,,,,,,,,,,,,,,,,,,,,,,,,,,,,,,,
539787371,5222772290,5222772292,5222772291,,,,,,,,,,,,,,,,,,,,,,,,,,,,,,,,,,,,,,,,,
539787372,5222772293,5222772294,,,,,,,,,,,,,,,,,,,,,,,,,,,,,,,,,,,,,,,,,,
539787373,5222772294,1439718879,,,,,,,,,,,,,,,,,,,,,,,,,,,,,,,,,,,,,,,,,,
539787376,5222772321,5222772322,5222772323,5222772324,5222772325,5222772326,5222772327,,,,,,,,,,,,,,,,,,,,,,,,,,,,,,,,,,,,,
539787377,5222772324,5222772328,5222772329,5222772330,5222772331,5222772332,5222772333,5222772334,5222772335,5222772336,5222772337,5222772338,5222772339,5222772340,5222772341,5222772342,5222772343,5222772344,5222772345,5222772346,,,,,,,,,,,,,,,,,,,,,,,,
539787378,5222772347,5222772356,5222772357,5222772358,5222772360,5222772359,5222772365,5222772364,5222772363,5222772362,5222772361,5222772368,5222772348,5222772349,5222772350,5222772346,5222772351,5222772352,5222772353,5222772354,5222772355,,,,,,,,,,,,,,,,,,,,,,,
539787379,5222772366,5222772368,5222772367,,,,,,,,,,,,,,,,,,,,,,,,,,,,,,,,,,,,,,,,,
539787380,5222772369,5222772370,,,,,,,,,,,,,,,,,,,,,,,,,,,,,,,,,,,,,,,,,,
539787381,5222772373,5222772374,,,,,,,,,,,,,,,,,,,,,,,,,,,,,,,,,,,,,,,,,,
539787382,2835336314,5222772381,5222772382,5222772383,5222772384,,,,,,,,,,,,,,,,,,,,,,,,,,,,,,,,,,,,,,,
539787383,5222772386,5222772387,5222772389,,,,,,,,,,,,,,,,,,,,,,,,,,,,,,,,,,,,,,,,,
539787384,5222772390,5222772388,,,,,,,,,,,,,,,,,,,,,,,,,,,,,,,,,,,,,,,,,,
539787385,5222772389,5222772390,,,,,,,,,,,,,,,,,,,,,,,,,,,,,,,,,,,,,,,,,,
539787386,1668215320,5222772391,,,,,,,,,,,,,,,,,,,,,,,,,,,,,,,,,,,,,,,,,,
539787388,5222772396,5222772397,,,,,,,,,,,,,,,,,,,,,,,,,,,,,,,,,,,,,,,,,,
539787389,5222772399,5222772398,,,,,,,,,,,,,,,,,,,,,,,,,,,,,,,,,,,,,,,,,,
539787390,5222772398,1439718344,1439718349,,,,,,,,,,,,,,,,,,,,,,,,,,,,,,,,,,,,,,,,,
539852459,5223283490,2835228086,2835228087,2835228088,,,,,,,,,,,,,,,,,,,,,,,,,,,,,,,,,,,,,,,,
539852460,2835228088,2837198957,2835228089,2835228090,2835228091,2835228092,2835228093,2835228094,,,,,,,,,,,,,,,,,,,,,,,,,,,,,,,,,,,,
539852461,5223283496,5223283497,,,,,,,,,,,,,,,,,,,,,,,,,,,,,,,,,,,,,,,,,,
539852462,5223283497,5223283501,5223283500,5223283499,5223283498,5223283497,,,,,,,,,,,,,,,,,,,,,,,,,,,,,,,,,,,,,,
539852476,2365324977,5223283887,5223283888,5223283889,,,,,,,,,,,,,,,,,,,,,,,,,,,,,,,,,,,,,,,,
539852477,2365324977,5223283890,5223283891,5223283892,5223283893,5223283894,5223283895,5223283896,5223283897,5223283898,5223283899,5223283900,5223283901,5223283902,5223283889,,,,,,,,,,,,,,,,,,,,,,,,,,,,,
539852478,5223283904,5223283905,,,,,,,,,,,,,,,,,,,,,,,,,,,,,,,,,,,,,,,,,,
539852479,5223283905,2365324994,2365324996,2365324998,2365325000,2365325002,5223283940,1439719217,,,,,,,,,,,,,,,,,,,,,,,,,,,,,,,,,,,,
539852480,5223283906,5223283898,5223283907,5223283908,5223283909,5223283887,5223283910,5223283911,5223283912,5223283904,,,,,,,,,,,,,,,,,,,,,,,,,,,,,,,,,,
539852481,2365326861,5223283913,5223283914,5223283915,5223283916,5223283917,5223283918,5223283919,5223283920,5223283921,5223283922,5223283923,,,,,,,,,,,,,,,,,,,,,,,,,,,,,,,,
539852482,5223283925,5223283924,,,,,,,,,,,,,,,,,,,,,,,,,,,,,,,,,,,,,,,,,,
539852483,5223283924,2365326861,2365326863,2365326864,2365326865,2365326866,2365326867,2365326868,2365326869,2365326870,2365326871,2365326873,2365326874,2365326875,2365326876,2365326877,2365326878,2365326879,2365326880,2365326881,2365326883,2365326884,2365326885,2365326886,2365326887,2365326888,2365326889,2365326890,,,,,,,,,,,,,,,,
539852484,5223283936,5223284046,2365322050,,,,,,,,,,,,,,,,,,,,,,,,,,,,,,,,,,,,,,,,,
539852485,5223283935,5223283936,,,,,,,,,,,,,,,,,,,,,,,,,,,,,,,,,,,,,,,,,,
539852486,5223283906,5223283942,5223283943,5223283944,5223283945,5223283946,5223283947,5223283948,5223283949,5223283950,5223283951,5223283952,5223283953,5223283954,5223283955,5223283956,5223283957,5223283958,,,,,,,,,,,,,,,,,,,,,,,,,,
539852487,5223283889,5223283959,5223283960,5223283961,5223283962,5223283963,5223283964,5223283965,5223283966,5223283967,5223283968,5223283969,5223283970,5223283971,5223283959,,,,,,,,,,,,,,,,,,,,,,,,,,,,,
539852488,5223283972,5223283973,5223283974,5223283975,5223283976,5223283977,5223283978,5223283979,5223283980,5223283981,5223283982,5223283983,5223283984,5223283985,5223283986,5223283987,5223283988,5223283989,5223283990,5223283991,5223283992,5223283993,5223283994,5223283995,5223283996,5223283904,,,,,,,,,,,,,,,,,,
539852489,2365324977,5223283997,5223283998,5223283999,5223284000,5223284001,5223284002,5223284003,5223284004,5223284005,5223284006,5223284007,5223284008,5223284009,5223284010,5223284011,5223284012,5223284013,5223283983,,,,,,,,,,,,,,,,,,,,,,,,,
539852490,2365326894,2365326891,,,,,,,,,,,,,,,,,,,,,,,,,,,,,,,,,,,,,,,,,,
539852491,5223284014,5223284015,,,,,,,,,,,,,,,,,,,,,,,,,,,,,,,,,,,,,,,,,,
539852492,5223284027,5223284028,5223284029,5223284030,5223284031,5223284032,5223284033,5223284034,5223284035,5223284056,5223284014,,,,,,,,,,,,,,,,,,,,,,,,,,,,,,,,,
539852493,5223284015,5223284016,5223284017,5223284018,5223284019,5223284020,5223284021,5223284022,5223284023,5223284024,5223284025,5223284026,5223284027,,,,,,,,,,,,,,,,,,,,,,,,,,,,,,,
539852494,5223284015,5223284036,5223284037,5223284038,5223284039,5223284040,5223284041,5223284042,5223284043,5223284044,5223284045,5223283905,,,,,,,,,,,,,,,,,,,,,,,,,,,,,,,,
539852495,5223284046,5223284047,5223284048,5223284049,5223284050,5223284051,5223284052,5223284053,5223284054,5223284055,5223284056,,,,,,,,,,,,,,,,,,,,,,,,,,,,,,,,,
539852496,2365322051,5223284057,5223284058,5223284059,5223284060,5223284061,5223284065,5223284062,5223284063,5223284064,,,,,,,,,,,,,,,,,,,,,,,,,,,,,,,,,,
539852497,5223284060,5223284066,5223284067,5223284068,5223284074,5223284073,5223283958,,,,,,,,,,,,,,,,,,,,,,,,,,,,,,,,,,,,,
539852498,5223283958,5223284075,,,,,,,,,,,,,,,,,,,,,,,,,,,,,,,,,,,,,,,,,,
539852499,1439719251,5223284079,5223284078,,,,,,,,,,,,,,,,,,,,,,,,,,,,,,,,,,,,,,,,,
541662118,5237548831,5237548832,5237548833,5237548834,,,,,,,,,,,,,,,,,,,,,,,,,,,,,,,,,,,,,,,,
541662119,1439718499,5237548835,,,,,,,,,,,,,,,,,,,,,,,,,,,,,,,,,,,,,,,,,,
541662122,5237548845,5237548846,2835336200,,,,,,,,,,,,,,,,,,,,,,,,,,,,,,,,,,,,,,,,,
541662123,5237548844,5237548845,,,,,,,,,,,,,,,,,,,,,,,,,,,,,,,,,,,,,,,,,,
545273025,5270146683,5270146684,,,,,,,,,,,,,,,,,,,,,,,,,,,,,,,,,,,,,,,,,,
545273026,5270146684,1439717868,3749263929,3747384713,1439717850,3747384709,3749263121,5270146685,5270146686,1439717776,1439717537,1439717531,,,,,,,,,,,,,,,,,,,,,,,,,,,,,,,,
551296597,4141536092,91487678,,,,,,,,,,,,,,,,,,,,,,,,,,,,,,,,,,,,,,,,,,
551296598,1135676875,4141536089,,,,,,,,,,,,,,,,,,,,,,,,,,,,,,,,,,,,,,,,,,
551296599,1135676855,1135676852,814568025,814567998,,,,,,,,,,,,,,,,,,,,,,,,,,,,,,,,,,,,,,,,
554940687,812699972,812699973,812699974,812699976,812699978,812699980,4055188644,812699982,812699984,1135676855,,,,,,,,,,,,,,,,,,,,,,,,,,,,,,,,,,
554940688,812699972,1448514609,,,,,,,,,,,,,,,,,,,,,,,,,,,,,,,,,,,,,,,,,,
554940689,814568049,814568005,,,,,,,,,,,,,,,,,,,,,,,,,,,,,,,,,,,,,,,,,,
554940690,812699919,812699921,,,,,,,,,,,,,,,,,,,,,,,,,,,,,,,,,,,,,,,,,,
554940691,812699921,812699923,812699926,812699928,812699930,812699931,812699933,812699935,812699936,5355026396,,,,,,,,,,,,,,,,,,,,,,,,,,,,,,,,,,
554940692,5355026397,814568003,814568074,814568035,814567989,814568044,814567997,814568049,,,,,,,,,,,,,,,,,,,,,,,,,,,,,,,,,,,,
572408252,1439718349,1439718346,1439718329,2837165114,2837165104,2837165105,1439718272,4152166570,4555498488,5499248435,1668208612,1668215322,1668215319,1668215320,1668215321,1668215318,1668212301,,,,,,,,,,,,,,,,,,,,,,,,,,,
572408253,1439718349,1439718356,1439718379,5499248436,1439718437,1439718450,1439718524,5499248437,1439718686,1439718811,,,,,,,,,,,,,,,,,,,,,,,,,,,,,,,,,,
572408254,1439719139,1439719142,1439719185,3026733626,1439719216,1439719278,3026734336,1439719293,1439719350,1439719353,1439719357,1439719400,1439719405,1439719413,1439719471,,,,,,,,,,,,,,,,,,,,,,,,,,,,,
572408255,1439718721,1439718704,2871649867,2871649861,2871649866,2871649865,2871649859,1439718649,1439718600,1439718595,1439718576,1439718512,,,,,,,,,,,,,,,,,,,,,,,,,,,,,,,,
572408256,1448661037,1439718725,1448661036,,,,,,,,,,,,,,,,,,,,,,,,,,,,,,,,,,,,,,,,,
572408257,1448660926,1448660922,1448660917,5590011808,5590011811,5590011810,,,,,,,,,,,,,,,,,,,,,,,,,,,,,,,,,,,,,,
572408258,1439718777,1439718748,1439718720,1439718701,1439718680,1439718669,,,,,,,,,,,,,,,,,,,,,,,,,,,,,,,,,,,,,,
572408262,1439718935,5222772188,1439718985,1439719130,5222771872,5499248459,1439719230,2837207962,1439719361,1439719363,5499248457,1439719401,5222771865,1439719412,5222771866,1439719474,1439719482,1439719489,5552508686,1439719536,,,,,,,,,,,,,,,,,,,,,,,,
572408265,1439718935,1439718952,1439718968,,,,,,,,,,,,,,,,,,,,,,,,,,,,,,,,,,,,,,,,,
572408268,1439718728,5598199876,2901188633,5598198809,1439718773,1439718802,1439718833,1439718856,,,,,,,,,,,,,,,,,,,,,,,,,,,,,,,,,,,,
572408269,1439718856,2901188632,,,,,,,,,,,,,,,,,,,,,,,,,,,,,,,,,,,,,,,,,,
572408271,1439718734,1439718796,1439718815,1439718855,,,,,,,,,,,,,,,,,,,,,,,,,,,,,,,,,,,,,,,,
572408272,2837144634,1439718487,,,,,,,,,,,,,,,,,,,,,,,,,,,,,,,,,,,,,,,,,,
572408274,1439718412,5499248468,1439718351,2835257215,2837207757,5222772327,1439718281,5222772355,5222772366,1439718236,5222772347,2955372544,2837207767,1439718131,,,,,,,,,,,,,,,,,,,,,,,,,,,,,,
572409484,1439718844,1439718847,5499248439,1439718910,1439718911,1439718916,5547770185,,,,,,,,,,,,,,,,,,,,,,,,,,,,,,,,,,,,,
579228153,1439718510,2987374932,1439718593,2837144651,1439718677,2885050146,1439718719,1439718734,,,,,,,,,,,,,,,,,,,,,,,,,,,,,,,,,,,,
579228154,1439718510,1439718564,,,,,,,,,,,,,,,,,,,,,,,,,,,,,,,,,,,,,,,,,,
579228155,1439718420,1439718412,,,,,,,,,,,,,,,,,,,,,,,,,,,,,,,,,,,,,,,,,,
579228156,5547770177,1439718420,,,,,,,,,,,,,,,,,,,,,,,,,,,,,,,,,,,,,,,,,,
579228157,5547770179,5547770178,,,,,,,,,,,,,,,,,,,,,,,,,,,,,,,,,,,,,,,,,,
579228158,5547770178,2837144645,,,,,,,,,,,,,,,,,,,,,,,,,,,,,,,,,,,,,,,,,,
579856273,1448661036,1439718724,1439718721,,,,,,,,,,,,,,,,,,,,,,,,,,,,,,,,,,,,,,,,,
579856274,1448660931,1448660926,,,,,,,,,,,,,,,,,,,,,,,,,,,,,,,,,,,,,,,,,,
579856275,1439719549,1439719560,1439719563,1439719683,1439719731,1439719736,,,,,,,,,,,,,,,,,,,,,,,,,,,,,,,,,,,,,,
579856276,1668255973,822483273,3747458039,3747458036,825412208,1439717850,1439717843,3747384697,,,,,,,,,,,,,,,,,,,,,,,,,,,,,,,,,,,,
579860195,1668213941,5552533693,,,,,,,,,,,,,,,,,,,,,,,,,,,,,,,,,,,,,,,,,,
579860199,2837207763,5552533716,5552533717,5552533718,5552533719,5552533720,,,,,,,,,,,,,,,,,,,,,,,,,,,,,,,,,,,,,,
579904057,1439719372,1439719305,1439719163,1439719149,1439719063,5499248451,1439718975,1439718957,1439718938,1439718875,1439718830,,,,,,,,,,,,,,,,,,,,,,,,,,,,,,,,,
584870109,1439718397,5590011809,1439718392,1439718390,2868313264,1439718350,1439718349,,,,,,,,,,,,,,,,,,,,,,,,,,,,,,,,,,,,,
584870110,1439718397,5590011810,,,,,,,,,,,,,,,,,,,,,,,,,,,,,,,,,,,,,,,,,,
585865871,1439718898,5598199888,1439718985,,,,,,,,,,,,,,,,,,,,,,,,,,,,,,,,,,,,,,,,,
585865872,1439718898,5598198820,1439718816,,,,,,,,,,,,,,,,,,,,,,,,,,,,,,,,,,,,,,,,,
585865874,5598198817,5598198818,5598198819,2837207949,,,,,,,,,,,,,,,,,,,,,,,,,,,,,,,,,,,,,,,,
585865875,2837207958,5598198820,,,,,,,,,,,,,,,,,,,,,,,,,,,,,,,,,,,,,,,,,,
585865878,5598199841,3016197341,1439719317,1439719396,1439719402,1439719410,91487860,1439719604,814568018,1135676855,1439719634,1439719714,1439719742,1439719747,5222772290,1439719900,1439719903,1439719905,1448514613,1448514618,1448514619,1448514621,91487849,1439720064,,,,,,,,,,,,,,,,,,,,
585865881,5598199851,5598199852,5598199853,5598199854,,,,,,,,,,,,,,,,,,,,,,,,,,,,,,,,,,,,,,,,
585865884,5598199847,5598199848,5598199849,5598199858,5598199850,5598199866,5598199857,,,,,,,,,,,,,,,,,,,,,,,,,,,,,,,,,,,,,
585865886,5598199858,5598199865,5598199859,5598199860,5598199861,5598199862,,,,,,,,,,,,,,,,,,,,,,,,,,,,,,,,,,,,,,
585865887,5598199862,5598199863,,,,,,,,,,,,,,,,,,,,,,,,,,,,,,,,,,,,,,,,,,
585865888,5598199863,5598200066,5598199864,,,,,,,,,,,,,,,,,,,,,,,,,,,,,,,,,,,,,,,,,
585865889,5598199876,5598199875,5598199874,5598199873,5598199872,5598200065,5598199887,5222772188,5598200063,5598200068,5598199871,,,,,,,,,,,,,,,,,,,,,,,,,,,,,,,,,
585865890,5598199870,5598199869,5598199868,5598199867,5598199866,,,,,,,,,,,,,,,,,,,,,,,,,,,,,,,,,,,,,,,
585865891,5598199871,5598199870,,,,,,,,,,,,,,,,,,,,,,,,,,,,,,,,,,,,,,,,,,
585865894,5598199885,5598199886,,,,,,,,,,,,,,,,,,,,,,,,,,,,,,,,,,,,,,,,,,
585865895,1439718917,5598199887,5598200064,5598199888,5598199889,5598199890,5598199891,5598199892,5598199893,5598199894,,,,,,,,,,,,,,,,,,,,,,,,,,,,,,,,,,
585865896,5598200021,5598200022,5598200023,,,,,,,,,,,,,,,,,,,,,,,,,,,,,,,,,,,,,,,,,
585865897,5598199920,5598200021,,,,,,,,,,,,,,,,,,,,,,,,,,,,,,,,,,,,,,,,,,
585865898,5598200024,5598200025,,,,,,,,,,,,,,,,,,,,,,,,,,,,,,,,,,,,,,,,,,
585865899,5598200025,5598200026,5598200027,5598200028,1439719413,5598200029,5598200030,5598200031,5598200032,5598200033,5598200034,5598200035,5598200036,5598200037,5598200038,5598200039,5598200040,5598200041,5598200042,5598200043,5598200044,5598200045,5598200046,5598200047,5598200049,1439719735,5598200048,,,,,,,,,,,,,,,,,
585865900,5598200050,1439719746,5598200051,5598200052,5598200053,5598200054,5598200055,5598200056,,,,,,,,,,,,,,,,,,,,,,,,,,,,,,,,,,,,
585865901,5598200056,5598200057,,,,,,,,,,,,,,,,,,,,,,,,,,,,,,,,,,,,,,,,,,
585865902,5598200057,5598200058,5598200059,5598200060,5598200061,5598200062,5598200067,5598200063,1439718952,5598200066,,,,,,,,,,,,,,,,,,,,,,,,,,,,,,,,,,
585865903,5598199895,5598199896,5598199897,5598199898,5598199899,5598199900,5598199901,5598200050,5598199902,5598199903,5598200048,5598199904,5598199905,5598199906,5598199907,5598199908,5598199909,5598199910,5598199911,5598199912,5598199913,5598199914,5598200069,5598199915,5598199916,5598200081,5598200082,5598200083,1439719366,5598200084,5598200085,5598200086,1439718980,5598200116,,,,,,,,,,
585865904,5598199894,5598199895,,,,,,,,,,,,,,,,,,,,,,,,,,,,,,,,,,,,,,,,,,
585865905,5598200069,1439719426,5598200032,,,,,,,,,,,,,,,,,,,,,,,,,,,,,,,,,,,,,,,,,
585865906,5598200070,1439719397,5598200027,,,,,,,,,,,,,,,,,,,,,,,,,,,,,,,,,,,,,,,,,
585865907,1439719478,5598200080,5598200074,5598200073,5598200072,5598200071,5598200029,,,,,,,,,,,,,,,,,,,,,,,,,,,,,,,,,,,,,
585865908,5598200028,5598200075,5598200076,5598200077,5598200078,5598200079,1439719468,,,,,,,,,,,,,,,,,,,,,,,,,,,,,,,,,,,,,
585865909,5598199916,1439719400,5598199917,,,,,,,,,,,,,,,,,,,,,,,,,,,,,,,,,,,,,,,,,
585865910,1439718792,5598200093,5598200094,1439718841,5598200095,5598200096,5598200097,5598200098,1439718897,5598200099,5598200100,5598200114,,,,,,,,,,,,,,,,,,,,,,,,,,,,,,,,
585865911,5598200114,5598200102,,,,,,,,,,,,,,,,,,,,,,,,,,,,,,,,,,,,,,,,,,
585865912,5598200102,5598200103,1439718953,5598200104,5598200105,5598200106,1439719116,5598200107,5598200108,5598200109,5598200110,5598200111,1439719349,5598200112,5598200113,5598199917,5598199918,5598200070,5598199919,5598199920,,,,,,,,,,,,,,,,,,,,,,,,
585865913,5598200115,5598200087,5598200088,1439718928,5598200089,5598200090,5598200091,5598200092,1439718817,,,,,,,,,,,,,,,,,,,,,,,,,,,,,,,,,,,
585865914,5598200116,5598200115,,,,,,,,,,,,,,,,,,,,,,,,,,,,,,,,,,,,,,,,,,
585865915,5598200227,5222772288,,,,,,,,,,,,,,,,,,,,,,,,,,,,,,,,,,,,,,,,,,
607880229,5760030950,5760030951,5760030952,5760030953,5760030954,5760030936,5760030937,5760030938,5760030939,5760030940,5760030946,5760030947,5760030948,5760030949,5760030941,5760030942,5760030943,5760030944,5760030945,5760030950,,,,,,,,,,,,,,,,,,,,,,,,
607880230,5760030939,5760030978,5760030955,5760030956,,,,,,,,,,,,,,,,,,,,,,,,,,,,,,,,,,,,,,,,
607880231,5760030957,5760030958,5760030977,5760030946,,,,,,,,,,,,,,,,,,,,,,,,,,,,,,,,,,,,,,,,
607880232,5760030949,5760030959,5760030960,5760030961,5760030962,5760030963,5760030964,5760030965,5760030966,5760030975,5760030967,5760030968,5760030969,5760030970,5760030971,5760030972,5760030973,5760030974,5760030937,,,,,,,,,,,,,,,,,,,,,,,,,
607880233,5760030975,5760030979,5760030976,,,,,,,,,,,,,,,,,,,,,,,,,,,,,,,,,,,,,,,,,
655284541,1439719825,1439719822,1439719796,,,,,,,,,,,,,,,,,,,,,,,,,,,,,,,,,,,,,,,,,
655516207,6141644492,6141664524,6141664526,6141664525,,,,,,,,,,,,,,,,,,,,,,,,,,,,,,,,,,,,,,,,
655516210,2016905538,6141664532,6141664533,6141664531,6141664541,,,,,,,,,,,,,,,,,,,,,,,,,,,,,,,,,,,,,,,
